"id","OFF_RUSH_EPA_AWAY","OFF_PASS_EPA_AWAY","OFF_FDR_AWAY","DEF_RUSH_EPA_AWAY","DEF_PASS_EPA_AWAY","DEF_FDR_AWAY","OFF_TO_AWAY","DEF_TO_AWAY","OFF_EXP_RATE_AWAY","DEF_EXP_RATE_AWAY","PENS_AWAY","PEN_YDS_AWAY","OL_METRIC_AWAY","DL_METRIC_AWAY","OFF_RUSH_EPA_HOME","OFF_PASS_EPA_HOME","OFF_FDR_HOME","DEF_RUSH_EPA_HOME","DEF_PASS_EPA_HOME","DEF_FDR_HOME","OFF_TO_HOME","DEF_TO_HOME","OFF_EXP_RATE_HOME","DEF_EXP_RATE_HOME","PENS_HOME","PEN_YDS_HOME","OL_METRIC_HOME","DL_METRIC_HOME","DIV","PTS_DIFF"
"1",-0.262972716800956,0.326857931730666,0.324675324675325,-0.328852715810561,0.155552499239639,0.359375,1,4,0.0909090909090909,0.15625,8,55,7,2,-0.328852715810561,0.155552499239639,0.359375,-0.262972716800956,0.326857931730666,0.324675324675325,4,1,0.15625,0.0909090909090909,10,95,2,7,0,2
"2",0.0706265088568377,0.320034771323074,0.343283582089552,-0.118248324994929,-0.336546530795457,0.234375,0,0,0.119402985074627,0.03125,14,89,2,9,-0.118248324994929,-0.336546530795457,0.234375,0.0706265088568377,0.320034771323074,0.343283582089552,0,0,0.03125,0.119402985074627,12,99,9,2,0,-24
"3",-0.129900325034719,0.0536098876399417,0.25,-0.0670421657164115,-0.112811040735739,0.265822784810127,0,1,0.115384615384615,0.0506329113924051,5,32,6,8,-0.0670421657164115,-0.112811040735739,0.265822784810127,-0.129900325034719,0.0536098876399417,0.25,1,0,0.0506329113924051,0.115384615384615,8,81,8,6,0,5
"4",-0.210220302488267,-0.174960926279955,0.225806451612903,-0.157796678740851,0.0797855067539807,0.3,1,1,0.0967741935483871,0.133333333333333,5,30,9,8,-0.157796678740851,0.0797855067539807,0.3,-0.210220302488267,-0.174960926279955,0.225806451612903,1,1,0.133333333333333,0.0967741935483871,6,38,8,9,0,7
"5",-0.26682595364123,0.213932267331424,0.283783783783784,-0.166153812086527,0.128411858467077,0.283582089552239,1,0,0.0945945945945946,0.104477611940299,12,116,8,7,-0.166153812086527,0.128411858467077,0.283582089552239,-0.26682595364123,0.213932267331424,0.283783783783784,0,1,0.104477611940299,0.0945945945945946,3,15,7,8,0,3
"6",-0.212484355384264,0.782315950305784,0.377358490566038,0.0111954988533398,-0.0989955426559254,0.313953488372093,2,1,0.169811320754717,0.104651162790698,7,79,3,9,0.0111954988533398,-0.0989955426559254,0.313953488372093,-0.212484355384264,0.782315950305784,0.377358490566038,1,2,0.104651162790698,0.169811320754717,5,45,9,3,0,-6
"7",0.116579664912674,-0.134987871686078,0.26865671641791,-0.158323165369648,0.413341240124564,0.256756756756757,3,0,0.119402985074627,0.0810810810810811,10,82,4,6,-0.158323165369648,0.413341240124564,0.256756756756757,0.116579664912674,-0.134987871686078,0.26865671641791,0,3,0.0810810810810811,0.119402985074627,5,50,6,4,1,16
"8",-0.0605394964330588,0.397408459628932,0.339622641509434,-0.233290744541235,0.00739858675563077,0.305555555555556,1,1,0.132075471698113,0.0694444444444444,7,53,6,10,-0.233290744541235,0.00739858675563077,0.305555555555556,-0.0605394964330588,0.397408459628932,0.339622641509434,1,1,0.0694444444444444,0.132075471698113,2,16,10,6,0,-12
"9",0.0710361667571503,0.320805841113374,0.313432835820896,-0.1136480654102,-0.396036098010786,0.265625,1,3,0.134328358208955,0.0625,8,59,4,9,-0.1136480654102,-0.396036098010786,0.265625,0.0710361667571503,0.320805841113374,0.313432835820896,3,1,0.0625,0.134328358208955,7,57,9,4,0,-25
"10",-0.077735194043131,0.211923703414367,0.346666666666667,-0.199684039014307,0.0251139348494649,0.244897959183673,2,1,0.146666666666667,0.0816326530612245,6,94,5,7,-0.199684039014307,0.0251139348494649,0.244897959183673,-0.077735194043131,0.211923703414367,0.346666666666667,1,2,0.0816326530612245,0.146666666666667,8,57,7,5,0,-4
"11",0.131718367769705,0.359000415370489,0.403508771929825,0.0449615468830979,0.497423875804898,0.35,2,0,0.192982456140351,0.1,5,30,5,7,0.0449615468830979,0.497423875804898,0.35,0.131718367769705,0.359000415370489,0.403508771929825,0,2,0.1,0.192982456140351,5,36,7,5,0,6
"12",-0.0511455287004968,0.0462790959946185,0.326530612244898,-0.16621283099521,0.166616784125513,0.314285714285714,1,2,0.163265306122449,0.0857142857142857,5,28,4,9,-0.16621283099521,0.166616784125513,0.314285714285714,-0.0511455287004968,0.0462790959946185,0.326530612244898,2,1,0.0857142857142857,0.163265306122449,8,84,9,4,1,-1
"13",-0.159253830920594,-0.511931076332139,0.211538461538462,0.0216394193388673,0.73350601815896,0.362068965517241,3,0,0.0769230769230769,0.0517241379310345,5,33,7,3,0.0216394193388673,0.73350601815896,0.362068965517241,-0.159253830920594,-0.511931076332139,0.211538461538462,0,3,0.0517241379310345,0.0769230769230769,6,36,3,7,0,35
"14",-0.0152828312937675,0.383881349731065,0.333333333333333,-0.116991165941322,-0.0365243376704472,0.298245614035088,1,1,0.121212121212121,0.157894736842105,5,51,6,3,-0.116991165941322,-0.0365243376704472,0.298245614035088,-0.0152828312937675,0.383881349731065,0.333333333333333,1,1,0.157894736842105,0.121212121212121,4,48,3,6,0,-14
"15",0.15060368662503,-0.32759788260834,0.333333333333333,0.0152234000254086,0.569303010241104,0.391304347826087,2,0,0.0144927536231884,0.195652173913043,3,35,4,3,0.0152234000254086,0.569303010241104,0.391304347826087,0.15060368662503,-0.32759788260834,0.333333333333333,0,2,0.195652173913043,0.0144927536231884,4,36,3,4,0,20
"16",-0.139222328185928,0.0713515452118711,0.287878787878788,-0.351443994477449,0.165151765406957,0.294871794871795,2,1,0.136363636363636,0.166666666666667,5,71,8,7,-0.351443994477449,0.165151765406957,0.294871794871795,-0.139222328185928,0.0713515452118711,0.287878787878788,1,2,0.166666666666667,0.136363636363636,10,62,7,8,0,6
"17",-0.000553201825610399,0.0783490543940705,0.26984126984127,0.200502481383278,0.0434427694473769,0.323529411764706,0,1,0.126984126984127,0.0882352941176471,11,81,7,2,0.200502481383278,0.0434427694473769,0.323529411764706,-0.000553201825610399,0.0783490543940705,0.26984126984127,1,0,0.0882352941176471,0.126984126984127,9,80,2,7,1,1
"18",-0.185903575830162,-0.626087524802036,0.119047619047619,-0.21908466199275,0.198125113415303,0.315068493150685,2,1,0.0714285714285714,0.136986301369863,11,115,10,3,-0.21908466199275,0.198125113415303,0.315068493150685,-0.185903575830162,-0.626087524802036,0.119047619047619,1,2,0.136986301369863,0.0714285714285714,5,49,3,10,1,19
"19",-0.192941328807501,-0.599172863584129,0.254545454545455,-0.263798433517028,-0.341766093169966,0.258620689655172,4,1,0.0545454545454545,0.0344827586206897,4,57,10,5,-0.263798433517028,-0.341766093169966,0.258620689655172,-0.192941328807501,-0.599172863584129,0.254545454545455,1,4,0.0344827586206897,0.0545454545454545,8,70,5,10,0,-3
"20",-0.134701878973699,0.263458802566327,0.258620689655172,0.173934290103186,0.115723701388798,0.388888888888889,1,3,0.0862068965517241,0.0925925925925926,9,78,3,2,0.173934290103186,0.115723701388798,0.388888888888889,-0.134701878973699,0.263458802566327,0.258620689655172,3,1,0.0925925925925926,0.0862068965517241,5,62,2,3,0,10
"21",-0.254148699856987,0.384954705822231,0.35,-0.00446618063142523,-0.109360672102848,0.318181818181818,2,2,0.1,0.0909090909090909,2,15,3,10,-0.00446618063142523,-0.109360672102848,0.318181818181818,-0.254148699856987,0.384954705822231,0.35,2,2,0.0909090909090909,0.1,2,10,10,3,0,-11
"22",0.0112375972000466,0.241952323158416,0.307692307692308,0.081528511534998,-0.40510653006721,0.176470588235294,0,2,0.0923076923076923,0.0588235294117647,10,101,8,3,0.081528511534998,-0.40510653006721,0.176470588235294,0.0112375972000466,0.241952323158416,0.307692307692308,2,0,0.0588235294117647,0.0923076923076923,7,70,3,8,0,-10
"23",0.320282290570993,-0.121302666528931,0.32258064516129,-0.340680097165444,-0.526076416436505,0.173913043478261,3,2,0.0645161290322581,0.0434782608695652,6,53,7,11,-0.340680097165444,-0.526076416436505,0.173913043478261,0.320282290570993,-0.121302666528931,0.32258064516129,2,3,0.0434782608695652,0.0645161290322581,9,83,11,7,1,-35
"24",-0.00441745202186353,-0.0958355854220671,0.263157894736842,0.0442484143311647,-0.640601202778725,0.238805970149254,0,4,0.105263157894737,0.0895522388059701,6,54,3,7,0.0442484143311647,-0.640601202778725,0.238805970149254,-0.00441745202186353,-0.0958355854220671,0.263157894736842,4,0,0.0895522388059701,0.105263157894737,8,77,7,3,1,-19
"25",-0.11391260601586,0.216442061463992,0.323076923076923,-0.044460988216739,-0.0644674486174314,0.272727272727273,0,0,0.0615384615384615,0.0363636363636364,5,60,2,3,-0.044460988216739,-0.0644674486174314,0.272727272727273,-0.11391260601586,0.216442061463992,0.323076923076923,0,0,0.0363636363636364,0.0615384615384615,8,57,3,2,0,-8
"26",-0.344862778659497,0.52878760223361,0.34375,-0.186834130265717,0.0317497738407601,0.285714285714286,0,1,0.125,0.0892857142857143,5,40,5,9,-0.186834130265717,0.0317497738407601,0.285714285714286,-0.344862778659497,0.52878760223361,0.34375,1,0,0.0892857142857143,0.125,5,43,9,5,0,-9
"27",0.169506043613957,0.211509669720527,0.35,0.114813202746778,0.149925951442188,0.35,0,2,0.1,0.183333333333333,3,16,4,3,0.114813202746778,0.149925951442188,0.35,0.169506043613957,0.211509669720527,0.35,2,0,0.183333333333333,0.1,5,40,3,4,0,7
"28",-0.471497118479284,-0.0718010996158089,0.257142857142857,0.0995855885816531,0.0917846494144454,0.333333333333333,3,1,0.0714285714285714,0.157894736842105,6,49,7,6,0.0995855885816531,0.0917846494144454,0.333333333333333,-0.471497118479284,-0.0718010996158089,0.257142857142857,1,3,0.157894736842105,0.0714285714285714,9,83,6,7,1,13
"29",0.252960732792115,-0.0575019166379892,0.4,0.116038557865983,0.0120631315461407,0.317460317460317,1,2,0.133333333333333,0.126984126984127,8,76,3,9,0.116038557865983,0.0120631315461407,0.317460317460317,0.252960732792115,-0.0575019166379892,0.4,2,1,0.126984126984127,0.133333333333333,12,99,9,3,0,-5
"30",0.151936758347328,0.0885202077781179,0.341463414634146,-0.0858358425423777,0.243528810614207,0.288461538461538,1,0,0.134146341463415,0.115384615384615,5,45,8,5,-0.0858358425423777,0.243528810614207,0.288461538461538,0.151936758347328,0.0885202077781179,0.341463414634146,0,1,0.115384615384615,0.134146341463415,10,100,5,8,0,-3
"31",-0.260686999303289,0.633558084579029,0.428571428571429,0.329312117400696,-0.0413721797837083,0.426470588235294,2,2,0.163265306122449,0.147058823529412,5,46,3,1,0.329312117400696,-0.0413721797837083,0.426470588235294,-0.260686999303289,0.633558084579029,0.428571428571429,2,2,0.147058823529412,0.163265306122449,8,55,1,3,0,7
"32",-0.0838562605398086,0.0438481706223013,0.339285714285714,-0.0787998115771916,0.585682820967243,0.403508771929825,2,0,0.125,0.105263157894737,9,78,7,6,-0.0787998115771916,0.585682820967243,0.403508771929825,-0.0838562605398086,0.0438481706223013,0.339285714285714,0,2,0.105263157894737,0.125,5,50,6,7,1,18
"33",-0.0294316604709381,0.324223160080474,0.388059701492537,-0.396838576009031,-0.233231844002667,0.25,0,0,0.104477611940299,0.0416666666666667,8,64,6,8,-0.396838576009031,-0.233231844002667,0.25,-0.0294316604709381,0.324223160080474,0.388059701492537,0,0,0.0416666666666667,0.104477611940299,7,51,8,6,0,-15
"34",-0.327428275787194,-0.0225203103944659,0.22,0.0187458501032476,0.379465493843503,0.373333333333333,3,0,0.08,0.106666666666667,5,38,3,7,0.0187458501032476,0.379465493843503,0.373333333333333,-0.327428275787194,-0.0225203103944659,0.22,0,3,0.106666666666667,0.08,5,30,7,3,0,22
"35",-0.279128816067096,-0.753078363730886,0.0952380952380952,0.0740797547973846,-0.0570855666175121,0.32,0,0,0.0476190476190476,0.146666666666667,5,44,13,5,0.0740797547973846,-0.0570855666175121,0.32,-0.279128816067096,-0.753078363730886,0.0952380952380952,0,0,0.146666666666667,0.0476190476190476,7,98,5,13,0,20
"36",-0.10874287786295,0.218001053194399,0.267857142857143,-0.119027603886732,0.06748220653125,0.333333333333333,1,0,0.178571428571429,0.0833333333333333,6,69,6,6,-0.119027603886732,0.06748220653125,0.333333333333333,-0.10874287786295,0.218001053194399,0.267857142857143,0,1,0.0833333333333333,0.178571428571429,7,35,6,6,0,-2
"37",0.00471911049078636,0.348966445264748,0.359375,0.0951048213595139,-0.428920880156303,0.307692307692308,1,4,0.09375,0.0769230769230769,7,58,1,8,0.0951048213595139,-0.428920880156303,0.307692307692308,0.00471911049078636,0.348966445264748,0.359375,4,1,0.0769230769230769,0.09375,4,40,8,1,0,-18
"38",-0.09320390637454,0.405504882557686,0.311475409836066,-0.0193029787707409,0.236887786784143,0.394736842105263,0,4,0.131147540983607,0.0789473684210526,8,50,6,6,-0.0193029787707409,0.236887786784143,0.394736842105263,-0.09320390637454,0.405504882557686,0.311475409836066,4,0,0.0789473684210526,0.131147540983607,6,56,6,6,1,-4
"39",-0.0368165614893539,0.219454964049267,0.316666666666667,-0.106286290461225,-0.318535177546916,0.214285714285714,0,3,0.0166666666666667,0.0571428571428571,2,15,6,11,-0.106286290461225,-0.318535177546916,0.214285714285714,-0.0368165614893539,0.219454964049267,0.316666666666667,3,0,0.0571428571428571,0.0166666666666667,4,30,11,6,0,-9
"40",-0.160121383130991,0.0885078812701211,0.254237288135593,-0.0759061405762406,0.128693612451337,0.296875,1,1,0.0847457627118644,0.09375,4,28,6,5,-0.0759061405762406,0.128693612451337,0.296875,-0.160121383130991,0.0885078812701211,0.254237288135593,1,1,0.09375,0.0847457627118644,8,53,5,6,0,-5
"41",-0.132405908412433,0.461307117939459,0.282051282051282,-0.225155352336255,-0.189421729249248,0.233766233766234,1,2,0.128205128205128,0.103896103896104,10,89,0,7,-0.225155352336255,-0.189421729249248,0.233766233766234,-0.132405908412433,0.461307117939459,0.282051282051282,2,1,0.103896103896104,0.128205128205128,10,73,7,0,1,-14
"42",0.332097867507961,-0.188779228056379,0.263157894736842,0.10013871694254,-0.0995495562747236,0.328125,0,3,0.087719298245614,0.109375,4,66,9,2,0.10013871694254,-0.0995495562747236,0.328125,0.332097867507961,-0.188779228056379,0.263157894736842,3,0,0.109375,0.087719298245614,4,24,2,9,1,7
"43",-0.229743369957969,-0.602634786294948,0.207547169811321,-0.458883342662731,0.386015021521162,0.317460317460317,2,1,0.0377358490566038,0.0952380952380952,9,90,9,3,-0.458883342662731,0.386015021521162,0.317460317460317,-0.229743369957969,-0.602634786294948,0.207547169811321,1,2,0.0952380952380952,0.0377358490566038,6,50,3,9,0,26
"44",-0.105565128324088,-0.0890174251699027,0.243589743589744,-0.164270907411154,0.0375283413883295,0.329113924050633,0,1,0.0641025641025641,0.164556962025316,8,68,6,9,-0.164270907411154,0.0375283413883295,0.329113924050633,-0.105565128324088,-0.0890174251699027,0.243589743589744,1,0,0.164556962025316,0.0641025641025641,8,104,9,6,0,11
"45",-0.0122669701052543,0.226953492067512,0.380281690140845,-0.176956455715382,0.453045183244878,0.344262295081967,0,0,0.169014084507042,0.131147540983607,7,41,5,4,-0.176956455715382,0.453045183244878,0.344262295081967,-0.0122669701052543,0.226953492067512,0.380281690140845,0,0,0.131147540983607,0.169014084507042,1,4,4,5,0,10
"46",0.238570454947573,0.0510516479650662,0.384615384615385,-0.0689301227839143,0.408363148947202,0.36986301369863,0,0,0.173076923076923,0.136986301369863,4,35,6,5,-0.0689301227839143,0.408363148947202,0.36986301369863,0.238570454947573,0.0510516479650662,0.384615384615385,0,0,0.136986301369863,0.173076923076923,4,40,5,6,0,13
"47",-0.0126013426785357,0.225842712652372,0.315789473684211,0.100169398036087,-0.0157671920470569,0.338461538461538,0,2,0.105263157894737,0.107692307692308,7,87,2,10,0.100169398036087,-0.0157671920470569,0.338461538461538,-0.0126013426785357,0.225842712652372,0.315789473684211,2,0,0.107692307692308,0.105263157894737,4,86,10,2,0,-2
"48",-0.382737423482467,-0.151911555332268,0.226415094339623,-0.0688726044145123,0.236653051295434,0.338235294117647,2,1,0.207547169811321,0.0588235294117647,13,86,4,6,-0.0688726044145123,0.236653051295434,0.338235294117647,-0.382737423482467,-0.151911555332268,0.226415094339623,1,2,0.0588235294117647,0.207547169811321,4,37,6,4,1,20
"49",0.122558325946253,0.256257935359608,0.363636363636364,0.0184253102437533,0.53301523627662,0.363636363636364,0,0,0.0909090909090909,0.181818181818182,2,10,1,3,0.0184253102437533,0.53301523627662,0.363636363636364,0.122558325946253,0.256257935359608,0.363636363636364,0,0,0.181818181818182,0.0909090909090909,6,38,3,1,0,3
"50",-0.180600914639024,0.516514446829861,0.380952380952381,-0.174802689401466,0.288526385362226,0.295774647887324,0,0,0.158730158730159,0.0985915492957746,6,85,4,7,-0.174802689401466,0.288526385362226,0.295774647887324,-0.180600914639024,0.516514446829861,0.380952380952381,0,0,0.0985915492957746,0.158730158730159,7,36,7,4,0,-4
"51",-0.366520799677043,-1.01627009603924,0.142857142857143,0.172199376197413,0.0231229891793515,0.357142857142857,5,1,0.0238095238095238,0.157142857142857,10,100,4,4,0.172199376197413,0.0231229891793515,0.357142857142857,-0.366520799677043,-1.01627009603924,0.142857142857143,1,5,0.157142857142857,0.0238095238095238,3,30,4,4,0,40
"52",-0.326393370470032,0.221073612761393,0.298507462686567,0.200351772556157,0.178625634431538,0.327272727272727,2,1,0.119402985074627,0.127272727272727,4,26,7,4,0.200351772556157,0.178625634431538,0.327272727272727,-0.326393370470032,0.221073612761393,0.298507462686567,1,2,0.127272727272727,0.119402985074627,7,61,4,7,1,10
"53",0.333143690380814,-0.0358440679940279,0.323529411764706,0.246316170441823,0.275877557620949,0.392857142857143,2,0,0.0735294117647059,0.178571428571429,6,32,10,1,0.246316170441823,0.275877557620949,0.392857142857143,0.333143690380814,-0.0358440679940279,0.323529411764706,0,2,0.178571428571429,0.0735294117647059,7,50,1,10,0,8
"54",0.0659968326275703,0.291606762743332,0.28125,-0.263105943315168,0.169688095002453,0.244897959183673,1,2,0.109375,0.102040816326531,8,86,7,4,-0.263105943315168,0.169688095002453,0.244897959183673,0.0659968326275703,0.291606762743332,0.28125,2,1,0.102040816326531,0.109375,5,32,4,7,0,-10
"55",0.0216584215239364,-0.149401664177568,0.253333333333333,-0.254650603821834,-0.245484256680356,0.225806451612903,0,1,0.0533333333333333,0.0967741935483871,7,73,3,9,-0.254650603821834,-0.245484256680356,0.225806451612903,0.0216584215239364,-0.149401664177568,0.253333333333333,1,0,0.0967741935483871,0.0533333333333333,7,42,9,3,0,-5
"56",-0.0924010525510929,0.409466659657045,0.344262295081967,-0.0116988782926152,0.332648618635612,0.323076923076923,1,1,0.229508196721311,0.107692307692308,3,25,6,0,-0.0116988782926152,0.332648618635612,0.323076923076923,-0.0924010525510929,0.409466659657045,0.344262295081967,1,1,0.107692307692308,0.229508196721311,5,35,0,6,0,-4
"57",0.040237638886363,-0.0158272959174063,0.308510638297872,-0.306482160922855,0.259750177215243,0.254237288135593,0,1,0.0957446808510638,0.101694915254237,8,98,14,1,-0.306482160922855,0.259750177215243,0.254237288135593,0.040237638886363,-0.0158272959174063,0.308510638297872,1,0,0.101694915254237,0.0957446808510638,6,65,1,14,0,5
"58",0.329696696320166,0.697251077832577,0.467741935483871,0.213556399834493,0.284807942310523,0.4,1,0,0.145161290322581,0.142857142857143,7,46,4,7,0.213556399834493,0.284807942310523,0.4,0.329696696320166,0.697251077832577,0.467741935483871,0,1,0.142857142857143,0.145161290322581,9,49,7,4,0,-12
"59",0.221295836235208,0.397877057165343,0.356164383561644,-0.0435567606029855,0.0581767097545514,0.333333333333333,0,2,0.10958904109589,0.111111111111111,7,63,3,5,-0.0435567606029855,0.0581767097545514,0.333333333333333,0.221295836235208,0.397877057165343,0.356164383561644,2,0,0.111111111111111,0.10958904109589,5,36,5,3,1,-17
"60",0.0373172407517604,-0.175641269879774,0.25,-0.0226995574218221,0.181525528354278,0.301369863013699,0,2,0.0961538461538462,0.0821917808219178,5,27,6,6,-0.0226995574218221,0.181525528354278,0.301369863013699,0.0373172407517604,-0.175641269879774,0.25,2,0,0.0821917808219178,0.0961538461538462,8,78,6,6,1,-9
"61",-0.109593299675422,0.260462710340535,0.285714285714286,0.153742927817802,-0.39112346699126,0.254237288135593,0,1,0.0857142857142857,0.0508474576271186,6,55,7,11,0.153742927817802,-0.39112346699126,0.254237288135593,-0.109593299675422,0.260462710340535,0.285714285714286,1,0,0.0508474576271186,0.0857142857142857,4,25,11,7,0,-16
"62",0.141421617790911,-0.250393336576954,0.275862068965517,-0.0269685252804324,0.0438882349475194,0.314285714285714,2,1,0.0517241379310345,0.114285714285714,5,34,5,7,-0.0269685252804324,0.0438882349475194,0.314285714285714,0.141421617790911,-0.250393336576954,0.275862068965517,1,2,0.114285714285714,0.0517241379310345,3,25,7,5,0,10
"63",0.175650242382499,0.051027446485389,0.295774647887324,-0.489333520926136,-0.0221181437120073,0.320754716981132,0,2,0.0985915492957746,0.169811320754717,7,74,3,12,-0.489333520926136,-0.0221181437120073,0.320754716981132,0.175650242382499,0.051027446485389,0.295774647887324,2,0,0.169811320754717,0.0985915492957746,8,77,12,3,0,-2
"64",-0.304251963760988,-0.36420804701343,0.196428571428571,0.0356231674359151,0.0558101118971003,0.328767123287671,1,0,0.0357142857142857,0.0821917808219178,7,58,7,7,0.0356231674359151,0.0558101118971003,0.328767123287671,-0.304251963760988,-0.36420804701343,0.196428571428571,0,1,0.0821917808219178,0.0357142857142857,7,105,7,7,1,14
"65",0.00482852014861615,0.369884966715625,0.363636363636364,-0.289089279770851,0.0630434427763469,0.3,1,2,0.181818181818182,0.133333333333333,5,85,3,5,-0.289089279770851,0.0630434427763469,0.3,0.00482852014861615,0.369884966715625,0.363636363636364,2,1,0.133333333333333,0.181818181818182,3,20,5,3,1,-9
"66",0.174407714609212,-0.111947719599805,0.283018867924528,-0.0992313628947293,0.254059305340396,0.337837837837838,1,2,0.0754716981132075,0.121621621621622,7,58,5,9,-0.0992313628947293,0.254059305340396,0.337837837837838,0.174407714609212,-0.111947719599805,0.283018867924528,2,1,0.121621621621622,0.0754716981132075,4,66,9,5,0,9
"67",0.0397997622028925,-0.403635520903646,0.233333333333333,-0.109193365272199,-0.448745816556021,0.242857142857143,2,3,0.0833333333333333,0.0428571428571429,6,60,4,8,-0.109193365272199,-0.448745816556021,0.242857142857143,0.0397997622028925,-0.403635520903646,0.233333333333333,3,2,0.0428571428571429,0.0833333333333333,9,69,8,4,0,-1
"68",-0.00720813316836571,0.217184439233206,0.32258064516129,-0.0664386639665831,0.0571470477301627,0.272727272727273,1,2,0.209677419354839,0.0606060606060606,2,10,5,7,-0.0664386639665831,0.0571470477301627,0.272727272727273,-0.00720813316836571,0.217184439233206,0.32258064516129,2,1,0.0606060606060606,0.209677419354839,2,21,7,5,0,-5
"69",-0.249945449744528,0.241661122991695,0.3,-0.287451753570084,0.576883092697317,0.214285714285714,2,1,0.133333333333333,0.107142857142857,5,27,4,5,-0.287451753570084,0.576883092697317,0.214285714285714,-0.249945449744528,0.241661122991695,0.3,1,2,0.107142857142857,0.133333333333333,8,70,5,4,0,-3
"70",0.259787327874316,0.26315820345433,0.360655737704918,0.0995833538957716,-0.215313064782932,0.328358208955224,0,2,0.0983606557377049,0.104477611940299,7,44,7,5,0.0995833538957716,-0.215313064782932,0.328358208955224,0.259787327874316,0.26315820345433,0.360655737704918,2,0,0.104477611940299,0.0983606557377049,4,33,5,7,1,-12
"71",0.0444718674346708,-0.399918199302362,0.296875,-0.321710439423831,0.117015073963212,0.285714285714286,2,2,0.0625,0.126984126984127,3,30,7,2,-0.321710439423831,0.117015073963212,0.285714285714286,0.0444718674346708,-0.399918199302362,0.296875,2,2,0.126984126984127,0.0625,7,74,2,7,1,4
"72",0.0344425315399551,0.177372737171517,0.288135593220339,-0.0322070616728497,0.35955874295386,0.283333333333333,1,1,0.11864406779661,0.133333333333333,7,67,5,2,-0.0322070616728497,0.35955874295386,0.283333333333333,0.0344425315399551,0.177372737171517,0.288135593220339,1,1,0.133333333333333,0.11864406779661,8,59,2,5,0,8
"73",-0.0352244491223246,-0.0255035928526964,0.294117647058824,0.128198891677149,0.717179734132471,0.462686567164179,2,0,0.117647058823529,0.17910447761194,5,37,7,6,0.128198891677149,0.717179734132471,0.462686567164179,-0.0352244491223246,-0.0255035928526964,0.294117647058824,0,2,0.17910447761194,0.117647058823529,6,47,6,7,0,28
"74",0.00434655868924562,0.224323549573455,0.314814814814815,0.0647675773476349,-0.302483345527913,0.285714285714286,2,2,0.111111111111111,0.116883116883117,6,45,9,8,0.0647675773476349,-0.302483345527913,0.285714285714286,0.00434655868924562,0.224323549573455,0.314814814814815,2,2,0.116883116883117,0.111111111111111,5,37,8,9,0,-11
"75",0.258099797505351,0.297000786641905,0.338235294117647,0.323054948741634,0.27501580828982,0.333333333333333,0,1,0.117647058823529,0.130434782608696,7,77,1,9,0.323054948741634,0.27501580828982,0.333333333333333,0.258099797505351,0.297000786641905,0.338235294117647,1,0,0.130434782608696,0.117647058823529,6,49,9,1,0,5
"76",-0.165567190817297,0.190705258249571,0.271186440677966,0.0275685665314086,-0.238351183405524,0.229508196721311,0,1,0.0338983050847458,0.0655737704918033,8,70,6,4,0.0275685665314086,-0.238351183405524,0.229508196721311,-0.165567190817297,0.190705258249571,0.271186440677966,1,0,0.0655737704918033,0.0338983050847458,10,82,4,6,0,-11
"77",-0.225146190252552,-0.351444194502108,0.271186440677966,-0.0248308267837274,-0.00280722474579293,0.333333333333333,1,1,0.0677966101694915,0.0701754385964912,7,60,7,3,-0.0248308267837274,-0.00280722474579293,0.333333333333333,-0.225146190252552,-0.351444194502108,0.271186440677966,1,1,0.0701754385964912,0.0677966101694915,6,62,3,7,1,7
"78",-0.221989479500194,-0.0696776121524945,0.28125,-0.000577005176302536,0.314827506636789,0.324324324324324,2,2,0.09375,0.135135135135135,5,48,7,4,-0.000577005176302536,0.314827506636789,0.324324324324324,-0.221989479500194,-0.0696776121524945,0.28125,2,2,0.135135135135135,0.09375,8,58,4,7,1,18
"79",0.14053433035966,0.666909234146528,0.372549019607843,-0.141772059971117,-0.176338513969091,0.30379746835443,0,4,0.196078431372549,0.0506329113924051,10,103,1,7,-0.141772059971117,-0.176338513969091,0.30379746835443,0.14053433035966,0.666909234146528,0.372549019607843,4,0,0.0506329113924051,0.196078431372549,7,55,7,1,0,-12
"80",0.131191270314192,0.42316880394185,0.421875,-0.174303543038545,0.674689135376463,0.410958904109589,1,1,0.21875,0.164383561643836,5,45,7,4,-0.174303543038545,0.674689135376463,0.410958904109589,0.131191270314192,0.42316880394185,0.421875,1,1,0.164383561643836,0.21875,8,74,4,7,0,2
"81",0.14614994845491,0.321327867492939,0.371428571428571,0.399046417662727,-0.226753427290604,0.270833333333333,1,1,0.1,0.104166666666667,7,120,3,5,0.399046417662727,-0.226753427290604,0.270833333333333,0.14614994845491,0.321327867492939,0.371428571428571,1,1,0.104166666666667,0.1,4,41,5,3,0,-8
"82",-0.0970036657323362,0.192477571185297,0.328358208955224,-0.241741120570192,0.187344810860127,0.32258064516129,1,1,0.149253731343284,0.129032258064516,7,55,3,7,-0.241741120570192,0.187344810860127,0.32258064516129,-0.0970036657323362,0.192477571185297,0.328358208955224,1,1,0.129032258064516,0.149253731343284,8,54,7,3,0,3
"83",-0.269509693855071,-0.344951282211341,0.264150943396226,0.186210038096345,-0.112860098434511,0.393939393939394,1,2,0.0943396226415094,0.0757575757575758,4,35,4,8,0.186210038096345,-0.112860098434511,0.393939393939394,-0.269509693855071,-0.344951282211341,0.264150943396226,2,1,0.0757575757575758,0.0943396226415094,2,15,8,4,0,28
"84",-0.0119416090152873,0.151233405851379,0.305882352941176,0.137641273333098,-0.470827421017448,0.235294117647059,1,3,0.152941176470588,0.102941176470588,11,98,3,4,0.137641273333098,-0.470827421017448,0.235294117647059,-0.0119416090152873,0.151233405851379,0.305882352941176,3,1,0.102941176470588,0.152941176470588,6,28,4,3,0,-20
"85",0.225085663059468,0.236667748314696,0.39622641509434,0.206135890651449,-0.136282933904083,0.350877192982456,0,1,0.0943396226415094,0.12280701754386,3,51,4,5,0.206135890651449,-0.136282933904083,0.350877192982456,0.225085663059468,0.236667748314696,0.39622641509434,1,0,0.12280701754386,0.0943396226415094,7,54,5,4,1,-10
"86",0.0255911458234274,0.481559066971444,0.276923076923077,-0.197108051193128,-0.150868800879628,0.245901639344262,1,1,0.0923076923076923,0.0491803278688525,4,31,5,5,-0.197108051193128,-0.150868800879628,0.245901639344262,0.0255911458234274,0.481559066971444,0.276923076923077,1,1,0.0491803278688525,0.0923076923076923,9,77,5,5,0,-25
"87",-0.260474381213687,-0.19053684944965,0.256756756756757,0.265235486859456,0.302809182493281,0.319148936170213,3,0,0.0675675675675676,0.127659574468085,4,25,5,5,0.265235486859456,0.302809182493281,0.319148936170213,-0.260474381213687,-0.19053684944965,0.256756756756757,0,3,0.127659574468085,0.0675675675675676,2,10,5,5,1,28
"88",-0.111531079438674,0.468254982230974,0.323076923076923,-0.385787260636468,-0.262530115102917,0.27027027027027,2,4,0.138461538461538,0.0405405405405405,7,50,3,6,-0.385787260636468,-0.262530115102917,0.27027027027027,-0.111531079438674,0.468254982230974,0.323076923076923,4,2,0.0405405405405405,0.138461538461538,5,27,6,3,0,-29
"89",-0.0671841994410864,0.246688123956092,0.358974358974359,-0.21290444177698,-0.186911515627951,0.258620689655172,3,2,0.128205128205128,0.0517241379310345,5,47,10,7,-0.21290444177698,-0.186911515627951,0.258620689655172,-0.0671841994410864,0.246688123956092,0.358974358974359,2,3,0.0517241379310345,0.128205128205128,6,44,7,10,0,-18
"90",-0.0110042600532655,0.455528338077756,0.303030303030303,-0.257060390103633,-0.370095576932986,0.272727272727273,0,3,0.106060606060606,0.0909090909090909,5,45,3,6,-0.257060390103633,-0.370095576932986,0.272727272727273,-0.0110042600532655,0.455528338077756,0.303030303030303,3,0,0.0909090909090909,0.106060606060606,9,88,6,3,0,-23
"91",0.00150456269197589,0.568769669742697,0.294117647058824,-0.160395019058011,0.0959519756051627,0.311688311688312,0,4,0.176470588235294,0.0779220779220779,6,54,5,13,-0.160395019058011,0.0959519756051627,0.311688311688312,0.00150456269197589,0.568769669742697,0.294117647058824,4,0,0.0779220779220779,0.176470588235294,6,53,13,5,1,-10
"92",-0.329698830186294,0.469247032020059,0.373493975903614,0.0650642089167377,-0.135206473569871,0.326530612244898,2,2,0.132530120481928,0.122448979591837,12,115,4,5,0.0650642089167377,-0.135206473569871,0.326530612244898,-0.329698830186294,0.469247032020059,0.373493975903614,2,2,0.122448979591837,0.132530120481928,5,47,5,4,0,-2
"93",0.161745016311761,-0.234070998829259,0.290322580645161,0.00175795095752359,-0.0267345137489356,0.3,1,1,0.0806451612903226,0.0428571428571429,6,45,7,2,0.00175795095752359,-0.0267345137489356,0.3,0.161745016311761,-0.234070998829259,0.290322580645161,1,1,0.0428571428571429,0.0806451612903226,5,38,2,7,0,3
"94",-0.262766011593276,0.275370380406042,0.351351351351351,0.266565623702869,0.241659383147539,0.3,1,1,0.108108108108108,0.1,8,60,8,3,0.266565623702869,0.241659383147539,0.3,-0.262766011593276,0.275370380406042,0.351351351351351,1,1,0.1,0.108108108108108,7,91,3,8,0,5
"95",-0.065798226348956,0.132887694465941,0.306122448979592,0.331822011566067,0.140130618601819,0.348484848484849,1,0,0.0204081632653061,0.106060606060606,2,15,5,5,0.331822011566067,0.140130618601819,0.348484848484849,-0.065798226348956,0.132887694465941,0.306122448979592,0,1,0.106060606060606,0.0204081632653061,9,60,5,5,0,3
"96",-0.0399315635222592,0.492576125252794,0.306451612903226,0.149108634126605,-0.288315133086783,0.28169014084507,1,0,0.17741935483871,0.126760563380282,1,5,6,6,0.149108634126605,-0.288315133086783,0.28169014084507,-0.0399315635222592,0.492576125252794,0.306451612903226,0,1,0.126760563380282,0.17741935483871,5,46,6,6,1,-24
"97",0.122915760011113,-0.263561544631281,0.352941176470588,-0.396091840004859,0.286648247883339,0.339622641509434,2,1,0.117647058823529,0.169811320754717,4,50,7,6,-0.396091840004859,0.286648247883339,0.339622641509434,0.122915760011113,-0.263561544631281,0.352941176470588,1,2,0.169811320754717,0.117647058823529,4,36,6,7,0,14
"98",-0.204327173501952,0.239001634099298,0.344262295081967,0.06144484563265,0.112573886826062,0.385714285714286,2,2,0.114754098360656,0.114285714285714,3,29,6,3,0.06144484563265,0.112573886826062,0.385714285714286,-0.204327173501952,0.239001634099298,0.344262295081967,2,2,0.114285714285714,0.114754098360656,6,44,3,6,0,-2
"99",-0.263323680029613,0.0377885654571509,0.258064516129032,0.244934290860588,0.616347384661881,0.408450704225352,3,0,0.112903225806452,0.211267605633803,5,29,6,4,0.244934290860588,0.616347384661881,0.408450704225352,-0.263323680029613,0.0377885654571509,0.258064516129032,0,3,0.211267605633803,0.112903225806452,6,95,4,6,1,41
"100",0.10755844161202,-0.531880037365903,0.17741935483871,-0.211243278592297,-0.0288229017578852,0.296875,1,0,0.032258064516129,0.140625,7,37,10,5,-0.211243278592297,-0.0288229017578852,0.296875,0.10755844161202,-0.531880037365903,0.17741935483871,0,1,0.140625,0.032258064516129,8,60,5,10,0,22
"101",-0.0507630613748915,-0.098660088914173,0.313432835820896,-0.0958224029078231,0.53488356893056,0.354838709677419,3,1,0.0746268656716418,0.0967741935483871,9,77,9,4,-0.0958224029078231,0.53488356893056,0.354838709677419,-0.0507630613748915,-0.098660088914173,0.313432835820896,1,3,0.0967741935483871,0.0746268656716418,6,31,4,9,0,24
"102",0.0298720153844156,0.0845294728356924,0.292307692307692,-0.261352963999089,0.350967400621401,0.316666666666667,2,0,0.123076923076923,0.116666666666667,8,77,4,1,-0.261352963999089,0.350967400621401,0.316666666666667,0.0298720153844156,0.0845294728356924,0.292307692307692,0,2,0.116666666666667,0.123076923076923,4,35,1,4,0,7
"103",-0.134141132281262,0.184111312715285,0.323529411764706,-0.0461414996583021,0.539493487475839,0.370967741935484,2,1,0.132352941176471,0.129032258064516,4,37,7,2,-0.0461414996583021,0.539493487475839,0.370967741935484,-0.134141132281262,0.184111312715285,0.323529411764706,1,2,0.129032258064516,0.132352941176471,7,65,2,7,0,13
"104",-0.409173918391267,-0.572724257923975,0.142857142857143,-0.0810701063147623,0.269589053960205,0.343283582089552,1,1,0.0408163265306122,0.119402985074627,8,80,5,4,-0.0810701063147623,0.269589053960205,0.343283582089552,-0.409173918391267,-0.572724257923975,0.142857142857143,1,1,0.119402985074627,0.0408163265306122,7,54,4,5,0,26
"105",-0.0993214224230353,-0.708035084317195,0.261538461538462,0.0154557509367199,0.220767043628583,0.371428571428571,5,1,0.0923076923076923,0.1,4,32,6,1,0.0154557509367199,0.220767043628583,0.371428571428571,-0.0993214224230353,-0.708035084317195,0.261538461538462,1,5,0.1,0.0923076923076923,1,10,1,6,0,35
"106",-0.052406126371352,-0.149071076052958,0.229508196721311,-0.0530942131704448,-0.447513784387624,0.245283018867925,2,4,0.0819672131147541,0.0943396226415094,6,45,3,5,-0.0530942131704448,-0.447513784387624,0.245283018867925,-0.052406126371352,-0.149071076052958,0.229508196721311,4,2,0.0943396226415094,0.0819672131147541,7,122,5,3,0,-12
"107",-0.124551099935819,-0.167738941147717,0.257575757575758,-0.18691170159002,-0.361534559833595,0.240740740740741,1,0,0.0606060606060606,0.037037037037037,7,90,2,8,-0.18691170159002,-0.361534559833595,0.240740740740741,-0.124551099935819,-0.167738941147717,0.257575757575758,0,1,0.037037037037037,0.0606060606060606,6,53,8,2,0,-3
"108",0.171778851286035,-0.00828500845247946,0.309859154929577,0.106388363367296,-0.0960681689286824,0.345454545454545,1,2,0.0563380281690141,0.0727272727272727,7,60,4,3,0.106388363367296,-0.0960681689286824,0.345454545454545,0.171778851286035,-0.00828500845247946,0.309859154929577,2,1,0.0727272727272727,0.0563380281690141,7,59,3,4,0,-3
"109",0.0245227018581028,0.0426083183595906,0.28169014084507,-0.14915670081682,-0.348820254683453,0.28,1,2,0.0563380281690141,0.1,8,76,3,7,-0.14915670081682,-0.348820254683453,0.28,0.0245227018581028,0.0426083183595906,0.28169014084507,2,1,0.1,0.0563380281690141,3,15,7,3,1,-6
"110",-0.329640908125229,-0.0378165620226739,0.230769230769231,-0.0944142280005187,0.162138932075893,0.303030303030303,2,0,0.0615384615384615,0.106060606060606,9,58,7,5,-0.0944142280005187,0.162138932075893,0.303030303030303,-0.329640908125229,-0.0378165620226739,0.230769230769231,0,2,0.106060606060606,0.0615384615384615,9,80,5,7,1,17
"111",0.354845287994068,0.623061510203451,0.411764705882353,0.0248380424418428,0.0875946917771215,0.313432835820896,0,1,0.254901960784314,0.119402985074627,7,55,0,5,0.0248380424418428,0.0875946917771215,0.313432835820896,0.354845287994068,0.623061510203451,0.411764705882353,1,0,0.119402985074627,0.254901960784314,4,30,5,0,0,-9
"112",0.0334008415972268,0.0678944371425091,0.3,-0.266250064969592,-0.0554720563980377,0.293103448275862,0,1,0.1,0.0862068965517241,8,65,5,6,-0.266250064969592,-0.0554720563980377,0.293103448275862,0.0334008415972268,0.0678944371425091,0.3,1,0,0.0862068965517241,0.1,5,30,6,5,1,-5
"113",0.283768244027097,0.0919638244307801,0.409836065573771,-0.128277273670796,-0.526677781477567,0.23728813559322,0,1,0.131147540983607,0.0677966101694915,2,15,0,12,-0.128277273670796,-0.526677781477567,0.23728813559322,0.283768244027097,0.0919638244307801,0.409836065573771,1,0,0.0677966101694915,0.131147540983607,8,50,12,0,0,-32
"114",0.0296023444651866,0.38333531704268,0.378787878787879,0.0295814189235369,-0.167315530885736,0.288135593220339,0,1,0.151515151515152,0.11864406779661,3,20,2,6,0.0295814189235369,-0.167315530885736,0.288135593220339,0.0296023444651866,0.38333531704268,0.378787878787879,1,0,0.11864406779661,0.151515151515152,6,38,6,2,0,-18
"115",-0.0235360103744583,0.197953682491028,0.238805970149254,0.219211247340641,-0.29533668099837,0.277777777777778,2,2,0.0149253731343284,0.0277777777777778,11,161,5,7,0.219211247340641,-0.29533668099837,0.277777777777778,-0.0235360103744583,0.197953682491028,0.238805970149254,2,2,0.0277777777777778,0.0149253731343284,9,75,7,5,1,3
"116",-0.111555397917982,0.0756761666628967,0.30188679245283,0.0230323681947387,0.0617497106891559,0.376623376623377,1,3,0.132075471698113,0.103896103896104,5,51,5,5,0.0230323681947387,0.0617497106891559,0.376623376623377,-0.111555397917982,0.0756761666628967,0.30188679245283,3,1,0.103896103896104,0.132075471698113,8,46,5,5,0,1
"117",-0.0182447001720513,-0.118513321284728,0.266666666666667,0.320276974755535,-0.203544761655569,0.298245614035088,1,2,0.0666666666666667,0.105263157894737,4,30,4,7,0.320276974755535,-0.203544761655569,0.298245614035088,-0.0182447001720513,-0.118513321284728,0.266666666666667,2,1,0.105263157894737,0.0666666666666667,5,40,7,4,0,5
"118",-0.179276175467142,-0.139997849827209,0.26027397260274,-0.237781466512388,0.156277418558049,0.269230769230769,1,0,0.0136986301369863,0.0576923076923077,12,93,7,3,-0.237781466512388,0.156277418558049,0.269230769230769,-0.179276175467142,-0.139997849827209,0.26027397260274,0,1,0.0576923076923077,0.0136986301369863,5,40,3,7,0,24
"119",0.062086171375995,-0.0598658184013777,0.294117647058824,0.0197785358094344,0.0370576704233126,0.333333333333333,2,1,0.117647058823529,0.117647058823529,4,29,6,7,0.0197785358094344,0.0370576704233126,0.333333333333333,0.062086171375995,-0.0598658184013777,0.294117647058824,1,2,0.117647058823529,0.117647058823529,4,35,7,6,0,7
"120",-0.140387182594463,0.00680428372288588,0.271186440677966,0.0096420517817525,0.00306410584817698,0.309859154929577,3,0,0.135593220338983,0.112676056338028,11,99,4,7,0.0096420517817525,0.00306410584817698,0.309859154929577,-0.140387182594463,0.00680428372288588,0.271186440677966,0,3,0.112676056338028,0.135593220338983,2,10,7,4,1,3
"121",-0.128055962731499,0.109483989346134,0.308823529411765,-0.277125726952883,-0.244669246901579,0.2,2,0,0.147058823529412,0.1,11,96,6,9,-0.277125726952883,-0.244669246901579,0.2,-0.128055962731499,0.109483989346134,0.308823529411765,0,2,0.1,0.147058823529412,7,57,9,6,0,-4
"122",-0.188593390129325,-0.116714950903019,0.254545454545455,0.0754724949225783,-0.058925976237081,0.381578947368421,1,2,0.0545454545454545,0.0657894736842105,10,88,5,5,0.0754724949225783,-0.058925976237081,0.381578947368421,-0.188593390129325,-0.116714950903019,0.254545454545455,2,1,0.0657894736842105,0.0545454545454545,12,103,5,5,0,3
"123",-0.260927501199013,0.320472201351682,0.386666666666667,0.334999891200693,0.513298241828696,0.433333333333333,2,0,0.16,0.166666666666667,7,43,8,3,0.334999891200693,0.513298241828696,0.433333333333333,-0.260927501199013,0.320472201351682,0.386666666666667,0,2,0.166666666666667,0.16,2,22,3,8,0,15
"124",0.0567205237384769,0.273806244792018,0.230769230769231,0.166487490601117,-0.0402043039511134,0.359550561797753,0,2,0.134615384615385,0.0786516853932584,8,107,6,7,0.166487490601117,-0.0402043039511134,0.359550561797753,0.0567205237384769,0.273806244792018,0.230769230769231,2,0,0.0786516853932584,0.134615384615385,8,61,7,6,0,3
"125",0.0305111200238268,-0.18054181198783,0.267857142857143,-0.0773016072317577,-0.699422247535621,0.228070175438596,2,3,0.0714285714285714,0.0701754385964912,6,35,2,3,-0.0773016072317577,-0.699422247535621,0.228070175438596,0.0305111200238268,-0.18054181198783,0.267857142857143,3,2,0.0701754385964912,0.0714285714285714,10,83,3,2,0,-12
"126",0.16968031918456,0.453947026673226,0.282608695652174,-0.16728709774843,-0.509927314066032,0.323943661971831,0,3,0.195652173913043,0.0845070422535211,10,84,5,11,-0.16728709774843,-0.509927314066032,0.323943661971831,0.16968031918456,0.453947026673226,0.282608695652174,3,0,0.0845070422535211,0.195652173913043,4,31,11,5,1,-19
"127",0.0687081754265592,0.274423721641239,0.291666666666667,-0.0650319326426317,-0.202985007009219,0.220338983050847,1,1,0.138888888888889,0.11864406779661,5,37,5,5,-0.0650319326426317,-0.202985007009219,0.220338983050847,0.0687081754265592,0.274423721641239,0.291666666666667,1,1,0.11864406779661,0.138888888888889,5,38,5,5,0,-16
"128",-0.150291480544683,-0.17053171948871,0.261538461538462,-0.464449648666904,-0.1555682358798,0.214285714285714,3,1,0.107692307692308,0.0714285714285714,12,118,8,4,-0.464449648666904,-0.1555682358798,0.214285714285714,-0.150291480544683,-0.17053171948871,0.261538461538462,1,3,0.0714285714285714,0.107692307692308,8,54,4,8,0,3
"129",-0.12535491946619,-0.373658139389947,0.212121212121212,-0.424451996253338,-0.0682684931262995,0.277777777777778,5,4,0.0757575757575758,0.0555555555555556,8,60,9,8,-0.424451996253338,-0.0682684931262995,0.277777777777778,-0.12535491946619,-0.373658139389947,0.212121212121212,4,5,0.0555555555555556,0.0757575757575758,2,13,8,9,0,8
"130",-0.523836438721248,0.533769302618785,0.290909090909091,-0.0375771592656337,-0.0741147910145698,0.323943661971831,0,1,0.127272727272727,0.112676056338028,6,76,9,5,-0.0375771592656337,-0.0741147910145698,0.323943661971831,-0.523836438721248,0.533769302618785,0.290909090909091,1,0,0.112676056338028,0.127272727272727,10,74,5,9,1,-2
"131",0.208120562502882,-0.169655744504267,0.343283582089552,-0.0164956708183236,-0.139136730940326,0.283018867924528,3,1,0.119402985074627,0.0566037735849057,6,65,3,7,-0.0164956708183236,-0.139136730940326,0.283018867924528,0.208120562502882,-0.169655744504267,0.343283582089552,1,3,0.0566037735849057,0.119402985074627,4,35,7,3,0,1
"132",-0.126889910299015,0.557801546626082,0.4,0.182141630858099,0.311851034739768,0.350877192982456,0,0,0.169230769230769,0.140350877192982,4,30,0,2,0.182141630858099,0.311851034739768,0.350877192982456,-0.126889910299015,0.557801546626082,0.4,0,0,0.140350877192982,0.169230769230769,3,25,2,0,0,-1
"133",0.018451260693837,-0.022772105821734,0.283333333333333,0.00217914601142349,-0.23557093029323,0.213114754098361,1,1,0.116666666666667,0.0327868852459016,4,19,7,3,0.00217914601142349,-0.23557093029323,0.213114754098361,0.018451260693837,-0.022772105821734,0.283333333333333,1,1,0.0327868852459016,0.116666666666667,6,33,3,7,0,6
"134",0.00151362652527904,0.564803676552921,0.313432835820896,-0.180370008438,-0.155355199360308,0.339285714285714,0,3,0.134328358208955,0.107142857142857,9,84,5,8,-0.180370008438,-0.155355199360308,0.339285714285714,0.00151362652527904,0.564803676552921,0.313432835820896,3,0,0.107142857142857,0.134328358208955,2,25,8,5,1,-14
"135",-0.00075509745394811,-0.0769230375694211,0.254545454545455,0.150107678896165,-0.348686450837898,0.283783783783784,1,2,0.0363636363636364,0.0945945945945946,4,19,6,10,0.150107678896165,-0.348686450837898,0.283783783783784,-0.00075509745394811,-0.0769230375694211,0.254545454545455,2,1,0.0945945945945946,0.0363636363636364,12,115,10,6,0,-6
"136",0.0940694994575237,0.140338219048655,0.310344827586207,-0.070659964763644,0.0824597651536511,0.265625,3,0,0.172413793103448,0.046875,12,115,8,5,-0.070659964763644,0.0824597651536511,0.265625,0.0940694994575237,0.140338219048655,0.310344827586207,0,3,0.046875,0.172413793103448,5,30,5,8,0,8
"137",-0.151035875309555,-0.385235222741443,0.283582089552239,-0.13118725874665,-0.0192529488072982,0.262295081967213,2,0,0.0746268656716418,0.114754098360656,4,20,6,13,-0.13118725874665,-0.0192529488072982,0.262295081967213,-0.151035875309555,-0.385235222741443,0.283582089552239,0,2,0.114754098360656,0.0746268656716418,11,97,13,6,0,6
"138",-0.077022972201424,-0.674673897470415,0.207547169811321,-0.173568583361247,0.634968948987936,0.314285714285714,3,1,0.0943396226415094,0.114285714285714,6,41,5,2,-0.173568583361247,0.634968948987936,0.314285714285714,-0.077022972201424,-0.674673897470415,0.207547169811321,1,3,0.114285714285714,0.0943396226415094,8,80,2,5,0,26
"139",0.157080308960639,-0.146491156322984,0.206349206349206,0.016478522256269,-0.140947751198535,0.254237288135593,1,0,0.0634920634920635,0.11864406779661,8,79,10,8,0.016478522256269,-0.140947751198535,0.254237288135593,0.157080308960639,-0.146491156322984,0.206349206349206,0,1,0.11864406779661,0.0634920634920635,7,47,8,10,1,-4
"140",-0.0451650983071886,-0.35173180095562,0.293103448275862,0.18198507867055,0.853227083774695,0.45,1,0,0.0862068965517241,0.216666666666667,6,42,8,2,0.18198507867055,0.853227083774695,0.45,-0.0451650983071886,-0.35173180095562,0.293103448275862,0,1,0.216666666666667,0.0862068965517241,6,46,2,8,0,38
"141",0.217205654980803,0.631877888428687,0.490196078431373,-0.146025332191216,-0.19149564750444,0.271428571428571,2,5,0.235294117647059,0.114285714285714,7,50,4,7,-0.146025332191216,-0.19149564750444,0.271428571428571,0.217205654980803,0.631877888428687,0.490196078431373,5,2,0.114285714285714,0.235294117647059,9,69,7,4,1,-28
"142",0.12765311931544,-0.419199899083372,0.220588235294118,0.0180380015597871,-0.254712724341495,0.2625,0,3,0.117647058823529,0.0375,8,84,6,0,0.0180380015597871,-0.254712724341495,0.2625,0.12765311931544,-0.419199899083372,0.220588235294118,3,0,0.0375,0.117647058823529,7,59,0,6,0,0
"143",0.0374211146900918,0.1034319879279,0.306451612903226,-0.228090538485629,0.0840833512616494,0.25,1,0,0.129032258064516,0.107142857142857,9,65,6,6,-0.228090538485629,0.0840833512616494,0.25,0.0374211146900918,0.1034319879279,0.306451612903226,0,1,0.107142857142857,0.129032258064516,8,49,6,6,0,2
"144",0.155294395526513,-0.0273165192183044,0.276595744680851,-0.080492256008283,0.157825508795332,0.291666666666667,2,1,0.0851063829787234,0.0972222222222222,6,43,1,8,-0.080492256008283,0.157825508795332,0.291666666666667,0.155294395526513,-0.0273165192183044,0.276595744680851,1,2,0.0972222222222222,0.0851063829787234,3,33,8,1,0,10
"145",-0.143780256208866,0.133419807748137,0.328571428571429,-0.657477903559706,-0.596860991613156,0.169811320754717,2,2,0.0857142857142857,0.0943396226415094,9,115,3,8,-0.657477903559706,-0.596860991613156,0.169811320754717,-0.143780256208866,0.133419807748137,0.328571428571429,2,2,0.0943396226415094,0.0857142857142857,4,58,8,3,0,-22
"146",0.0886389488800584,0.215758091691857,0.318840579710145,-0.00743768563935239,-0.186068152525042,0.290909090909091,1,1,0.144927536231884,0.0909090909090909,10,118,6,6,-0.00743768563935239,-0.186068152525042,0.290909090909091,0.0886389488800584,0.215758091691857,0.318840579710145,1,1,0.0909090909090909,0.144927536231884,7,52,6,6,0,-7
"147",0.0867266053933257,0.202861711653471,0.360655737704918,-0.487043464457041,-0.253005845393596,0.272727272727273,1,1,0.163934426229508,0.109090909090909,7,89,4,3,-0.487043464457041,-0.253005845393596,0.272727272727273,0.0867266053933257,0.202861711653471,0.360655737704918,1,1,0.109090909090909,0.163934426229508,4,29,3,4,0,-11
"148",0.160853474415489,-0.475976250068079,0.23728813559322,0.0439741834247064,0.0448878160345242,0.3,2,1,0.0508474576271186,0.0714285714285714,5,39,5,5,0.0439741834247064,0.0448878160345242,0.3,0.160853474415489,-0.475976250068079,0.23728813559322,1,2,0.0714285714285714,0.0508474576271186,3,43,5,5,0,17
"149",-0.0457038511231076,0.567128972864378,0.391891891891892,-0.151939410724611,-0.16835245081362,0.274509803921569,0,3,0.175675675675676,0.0980392156862745,4,34,3,5,-0.151939410724611,-0.16835245081362,0.274509803921569,-0.0457038511231076,0.567128972864378,0.391891891891892,3,0,0.0980392156862745,0.175675675675676,9,68,5,3,1,-27
"150",0.0991642291030277,-0.278617160835539,0.259259259259259,-0.127719503805058,0.770506359499745,0.301587301587302,2,0,0.0925925925925926,0.0952380952380952,5,35,4,1,-0.127719503805058,0.770506359499745,0.301587301587302,0.0991642291030277,-0.278617160835539,0.259259259259259,0,2,0.0952380952380952,0.0925925925925926,9,53,1,4,1,15
"151",-0.0464450611041976,-0.0913201306941549,0.298245614035088,-0.467938377842074,-0.674433941990072,0.192307692307692,1,4,0.12280701754386,0.0576923076923077,5,59,4,12,-0.467938377842074,-0.674433941990072,0.192307692307692,-0.0464450611041976,-0.0913201306941549,0.298245614035088,4,1,0.0576923076923077,0.12280701754386,9,72,12,4,0,-19
"152",0.262678654194315,0.0112098968682512,0.363636363636364,0.188572943778135,-0.111184631996854,0.327272727272727,0,4,0.106060606060606,0.0727272727272727,3,30,2,4,0.188572943778135,-0.111184631996854,0.327272727272727,0.262678654194315,0.0112098968682512,0.363636363636364,4,0,0.0727272727272727,0.106060606060606,7,56,4,2,0,-28
"153",-0.0819551651015021,0.541412511731032,0.349206349206349,-0.0411419308026476,0.0371108860773448,0.3125,1,0,0.111111111111111,0.0833333333333333,8,69,6,4,-0.0411419308026476,0.0371108860773448,0.3125,-0.0819551651015021,0.541412511731032,0.349206349206349,0,1,0.0833333333333333,0.111111111111111,7,65,4,6,0,-6
"154",0.00835049328430314,-0.165243196293029,0.276315789473684,-0.161394597577887,-0.152414300002711,0.224137931034483,1,1,0.0657894736842105,0.103448275862069,6,36,8,7,-0.161394597577887,-0.152414300002711,0.224137931034483,0.00835049328430314,-0.165243196293029,0.276315789473684,1,1,0.103448275862069,0.0657894736842105,6,58,7,8,0,-3
"155",0.0513393688908179,-0.531259002348752,0.239130434782609,0.0960808812171418,-0.139368278331612,0.28125,2,2,0.0869565217391304,0.109375,7,67,2,2,0.0960808812171418,-0.139368278331612,0.28125,0.0513393688908179,-0.531259002348752,0.239130434782609,2,2,0.109375,0.0869565217391304,10,82,2,2,0,3
"156",0.0375637345457515,0.418241926185385,0.34375,-0.073684279199272,-0.111267705375212,0.295454545454545,1,1,0.078125,0.0909090909090909,1,12,4,6,-0.073684279199272,-0.111267705375212,0.295454545454545,0.0375637345457515,0.418241926185385,0.34375,1,1,0.0909090909090909,0.078125,8,56,6,4,0,-20
"157",0.0370528808238709,0.590148831236399,0.377358490566038,-0.0778452891437503,0.55928078921106,0.353846153846154,0,0,0.169811320754717,0.153846153846154,8,92,4,5,-0.0778452891437503,0.55928078921106,0.353846153846154,0.0370528808238709,0.590148831236399,0.377358490566038,0,0,0.153846153846154,0.169811320754717,3,25,5,4,1,1
"158",-0.110175933205028,0.456516890014547,0.272727272727273,0.176479739117591,0.0378250816183428,0.305084745762712,1,1,0.0909090909090909,0.135593220338983,8,62,2,8,0.176479739117591,0.0378250816183428,0.305084745762712,-0.110175933205028,0.456516890014547,0.272727272727273,1,1,0.135593220338983,0.0909090909090909,7,48,8,2,1,-7
"159",-0.119987396584336,-0.201343992881924,0.274193548387097,-0.00141536775564104,0.01958023221057,0.28,3,1,0.145161290322581,0.0933333333333333,3,25,5,7,-0.00141536775564104,0.01958023221057,0.28,-0.119987396584336,-0.201343992881924,0.274193548387097,1,3,0.0933333333333333,0.145161290322581,6,49,7,5,0,5
"160",-0.124218653152256,-0.0979714659736721,0.209677419354839,-0.190443589502247,-0.146213029232315,0.329113924050633,1,4,0,0.0759493670886076,7,50,1,8,-0.190443589502247,-0.146213029232315,0.329113924050633,-0.124218653152256,-0.0979714659736721,0.209677419354839,4,1,0.0759493670886076,0,5,52,8,1,1,-9
"161",-0.0390876124527885,0.0214017969757114,0.3,-0.224547511619878,-0.141493273403368,0.276595744680851,1,2,0.0571428571428571,0.148936170212766,1,5,5,5,-0.224547511619878,-0.141493273403368,0.276595744680851,-0.0390876124527885,0.0214017969757114,0.3,2,1,0.148936170212766,0.0571428571428571,7,77,5,5,0,-19
"162",-0.0779265354831296,-0.321612157815146,0.234375,0.10562167790688,-0.243499466483304,0.328125,3,2,0.09375,0.078125,6,45,8,7,0.10562167790688,-0.243499466483304,0.328125,-0.0779265354831296,-0.321612157815146,0.234375,2,3,0.078125,0.09375,5,54,7,8,0,10
"163",-0.061422432494145,0.342920305463486,0.350649350649351,-0.0429878535934748,-0.276753457555796,0.306122448979592,0,0,0.103896103896104,0.122448979591837,3,32,6,6,-0.0429878535934748,-0.276753457555796,0.306122448979592,-0.061422432494145,0.342920305463486,0.350649350649351,0,0,0.122448979591837,0.103896103896104,2,17,6,6,1,-10
"164",-0.144817381871262,0.0111539624593879,0.307692307692308,0.0491614039166875,0.351513415686705,0.424242424242424,0,1,0.107692307692308,0.166666666666667,8,38,6,4,0.0491614039166875,0.351513415686705,0.424242424242424,-0.144817381871262,0.0111539624593879,0.307692307692308,1,0,0.166666666666667,0.107692307692308,12,75,4,6,0,4
"165",0.102891579431553,-0.54406984860576,0.222222222222222,0.0489993019145913,0.13645817630832,0.364864864864865,3,1,0.037037037037037,0.0810810810810811,4,30,9,3,0.0489993019145913,0.13645817630832,0.364864864864865,0.102891579431553,-0.54406984860576,0.222222222222222,1,3,0.0810810810810811,0.037037037037037,6,39,3,9,0,20
"166",-0.312753260203172,0.29886118434561,0.318181818181818,-0.12929082968836,-0.0429908441286534,0.288888888888889,1,1,0.106060606060606,0.111111111111111,5,50,4,3,-0.12929082968836,-0.0429908441286534,0.288888888888889,-0.312753260203172,0.29886118434561,0.318181818181818,1,1,0.111111111111111,0.106060606060606,10,67,3,4,1,-2
"167",-0.0695082919410197,0.13296603040728,0.276315789473684,-0.148239349667705,0.147094265475755,0.285714285714286,0,0,0.131578947368421,0.114285714285714,14,110,8,5,-0.148239349667705,0.147094265475755,0.285714285714286,-0.0695082919410197,0.13296603040728,0.276315789473684,0,0,0.114285714285714,0.131578947368421,14,166,5,8,0,-5
"168",-0.0696937143347895,0.38053694006371,0.32258064516129,-0.49778336280239,-0.335278262653897,0.192982456140351,2,1,0.112903225806452,0.0175438596491228,4,35,3,5,-0.49778336280239,-0.335278262653897,0.192982456140351,-0.0696937143347895,0.38053694006371,0.32258064516129,1,2,0.0175438596491228,0.112903225806452,4,24,5,3,0,-25
"169",-0.245320100729198,-0.332224355875869,0.271186440677966,0.264008038093625,0.0442829283659777,0.369230769230769,3,1,0.0847457627118644,0.138461538461538,4,30,6,3,0.264008038093625,0.0442829283659777,0.369230769230769,-0.245320100729198,-0.332224355875869,0.271186440677966,1,3,0.138461538461538,0.0847457627118644,3,18,3,6,1,25
"170",0.18654524535995,-0.334922935522889,0.258064516129032,-0.0982178795020445,-0.415498172323821,0.2,1,1,0.0806451612903226,0.0727272727272727,5,40,5,8,-0.0982178795020445,-0.415498172323821,0.2,0.18654524535995,-0.334922935522889,0.258064516129032,1,1,0.0727272727272727,0.0806451612903226,4,32,8,5,0,-5
"171",0.351619626388688,-0.0905179722364444,0.387096774193548,0.192870858777314,-0.106702153511057,0.343283582089552,3,4,0.0806451612903226,0.134328358208955,4,44,3,7,0.192870858777314,-0.106702153511057,0.343283582089552,0.351619626388688,-0.0905179722364444,0.387096774193548,4,3,0.134328358208955,0.0806451612903226,6,66,7,3,0,-7
"172",0.0484599063142755,0.162459087695849,0.315789473684211,0.0381109786519249,-0.0463609237326728,0.277777777777778,1,2,0.12280701754386,0.0694444444444444,5,26,4,6,0.0381109786519249,-0.0463609237326728,0.277777777777778,0.0484599063142755,0.162459087695849,0.315789473684211,2,1,0.0694444444444444,0.12280701754386,6,43,6,4,0,-9
"173",0.0808948393775305,-0.510882190003435,0.185185185185185,-0.109726264353451,0.140318771605129,0.314285714285714,3,1,0.111111111111111,0.0428571428571429,7,61,11,2,-0.109726264353451,0.140318771605129,0.314285714285714,0.0808948393775305,-0.510882190003435,0.185185185185185,1,3,0.0428571428571429,0.111111111111111,5,35,2,11,0,11
"174",0.104284353119223,-0.491804662462009,0.295081967213115,-0.0421927336793846,0.397195480560802,0.385964912280702,4,0,0.0491803278688525,0.157894736842105,5,50,4,6,-0.0421927336793846,0.397195480560802,0.385964912280702,0.104284353119223,-0.491804662462009,0.295081967213115,0,4,0.157894736842105,0.0491803278688525,4,35,6,4,0,23
"175",0.193965568560088,-0.56107666357533,0.296875,-0.257346890371991,0.1153428603051,0.280701754385965,4,0,0.0625,0.140350877192982,4,26,2,5,-0.257346890371991,0.1153428603051,0.280701754385965,0.193965568560088,-0.56107666357533,0.296875,0,4,0.140350877192982,0.0625,2,15,5,2,1,6
"176",0.0494972636988678,-0.0408280873348309,0.292307692307692,0.11718349453182,-0.0258835408919064,0.368421052631579,2,1,0.107692307692308,0.0350877192982456,9,75,9,3,0.11718349453182,-0.0258835408919064,0.368421052631579,0.0494972636988678,-0.0408280873348309,0.292307692307692,1,2,0.0350877192982456,0.107692307692308,5,35,3,9,1,9
"177",-0.234088109806141,-0.0649380797915936,0.245901639344262,-0.0838675515852012,0.178781037302763,0.243589743589744,3,1,0.0655737704918033,0.0641025641025641,4,30,5,5,-0.0838675515852012,0.178781037302763,0.243589743589744,-0.234088109806141,-0.0649380797915936,0.245901639344262,1,3,0.0641025641025641,0.0655737704918033,3,32,5,5,0,4
"178",-0.421390192651112,0.0101716380886534,0.30188679245283,0.0981245838817359,0.116314986227927,0.323076923076923,2,1,0.188679245283019,0.107692307692308,5,38,3,6,0.0981245838817359,0.116314986227927,0.323076923076923,-0.421390192651112,0.0101716380886534,0.30188679245283,1,2,0.107692307692308,0.188679245283019,5,57,6,3,0,8
"179",-0.261748093844611,-0.172791056336985,0.210526315789474,-0.0194663899754615,-0.322215510526797,0.27027027027027,2,4,0.105263157894737,0.0135135135135135,5,45,6,4,-0.0194663899754615,-0.322215510526797,0.27027027027027,-0.261748093844611,-0.172791056336985,0.210526315789474,4,2,0.0135135135135135,0.105263157894737,5,54,4,6,1,6
"180",-0.328847313202762,-0.00981165162973818,0.195652173913043,-0.103278493632385,0.114647381151398,0.294871794871795,1,1,0.0652173913043478,0.0512820512820513,6,51,10,2,-0.103278493632385,0.114647381151398,0.294871794871795,-0.328847313202762,-0.00981165162973818,0.195652173913043,1,1,0.0512820512820513,0.0652173913043478,4,38,2,10,0,2
"181",0.0815320836069683,-0.203812275184534,0.241935483870968,0.19624742991291,-0.513935316575273,0.246376811594203,1,4,0.112903225806452,0.101449275362319,5,35,7,6,0.19624742991291,-0.513935316575273,0.246376811594203,0.0815320836069683,-0.203812275184534,0.241935483870968,4,1,0.101449275362319,0.112903225806452,7,59,6,7,0,-4
"182",-0.112606430836699,0.307429600152068,0.358208955223881,0.0198035431901437,-0.0630905319041492,0.289855072463768,1,1,0.134328358208955,0.115942028985507,3,15,1,11,0.0198035431901437,-0.0630905319041492,0.289855072463768,-0.112606430836699,0.307429600152068,0.358208955223881,1,1,0.115942028985507,0.134328358208955,6,39,11,1,1,-19
"183",-0.0115591353929551,0.394533890678712,0.25,0.115551084028859,-0.334927719406217,0.305555555555556,0,4,0.0576923076923077,0.0555555555555556,8,63,1,5,0.115551084028859,-0.334927719406217,0.305555555555556,-0.0115591353929551,0.394533890678712,0.25,4,0,0.0555555555555556,0.0576923076923077,6,45,5,1,0,-13
"184",-0.0271726213825366,0.0403393407724234,0.290322580645161,-0.534547315469652,-0.195283433274544,0.277777777777778,3,4,0.112903225806452,0.0972222222222222,7,51,9,11,-0.534547315469652,-0.195283433274544,0.277777777777778,-0.0271726213825366,0.0403393407724234,0.290322580645161,4,3,0.0972222222222222,0.112903225806452,7,63,11,9,0,-11
"185",-0.0192642583102154,0.0332186712913923,0.356164383561644,-0.336938460941999,0.0409774943400371,0.304347826086957,1,2,0.136986301369863,0.0579710144927536,7,66,8,7,-0.336938460941999,0.0409774943400371,0.304347826086957,-0.0192642583102154,0.0332186712913923,0.356164383561644,2,1,0.0579710144927536,0.136986301369863,3,11,7,8,1,2
"186",0.194844659217937,0.113419450357126,0.376811594202899,-0.185463510462892,-0.850224543809115,0.18,1,2,0.0869565217391304,0.04,5,25,3,11,-0.185463510462892,-0.850224543809115,0.18,0.194844659217937,0.113419450357126,0.376811594202899,2,1,0.04,0.0869565217391304,4,25,11,3,1,-31
"187",0.0342422546405766,-0.127701239764775,0.301369863013699,0.0227378432649526,-0.0861730663107515,0.288461538461538,2,2,0.0684931506849315,0.0384615384615385,5,37,7,3,0.0227378432649526,-0.0861730663107515,0.288461538461538,0.0342422546405766,-0.127701239764775,0.301369863013699,2,2,0.0384615384615385,0.0684931506849315,7,60,3,7,1,7
"188",0.132244608299944,-0.275874186796135,0.258064516129032,-0.264381297252839,0.0964178945458131,0.26865671641791,1,0,0.112903225806452,0.0746268656716418,3,23,8,3,-0.264381297252839,0.0964178945458131,0.26865671641791,0.132244608299944,-0.275874186796135,0.258064516129032,0,1,0.0746268656716418,0.112903225806452,3,15,3,8,0,11
"189",0.0182662214421415,0.525965315401518,0.338235294117647,0.0580139749101363,0.0262912064059521,0.339285714285714,0,1,0.117647058823529,0.125,3,20,4,4,0.0580139749101363,0.0262912064059521,0.339285714285714,0.0182662214421415,0.525965315401518,0.338235294117647,1,0,0.125,0.117647058823529,6,66,4,4,0,-15
"190",-0.147541789269165,0.178376866737381,0.316666666666667,-0.0361049188832112,-0.0576613120391495,0.333333333333333,1,0,0.0666666666666667,0.12280701754386,6,47,5,3,-0.0361049188832112,-0.0576613120391495,0.333333333333333,-0.147541789269165,0.178376866737381,0.316666666666667,0,1,0.12280701754386,0.0666666666666667,6,54,3,5,0,-2
"191",-0.7715538336876,-0.097356663751998,0.2,0.103904379163336,0.283813149248651,0.333333333333333,2,0,0.0545454545454545,0.121212121212121,3,39,4,1,0.103904379163336,0.283813149248651,0.333333333333333,-0.7715538336876,-0.097356663751998,0.2,0,2,0.121212121212121,0.0545454545454545,7,47,1,4,0,30
"192",0.0494330280092669,0.00574964555529666,0.285714285714286,-0.118379659522664,0.3524269091661,0.263157894736842,1,0,0.128571428571429,0.087719298245614,10,55,9,3,-0.118379659522664,0.3524269091661,0.263157894736842,0.0494330280092669,0.00574964555529666,0.285714285714286,0,1,0.087719298245614,0.128571428571429,5,81,3,9,1,-1
"193",-0.0708631899857816,0.0606363322057982,0.309090909090909,0.092767390953946,-0.240596315810063,0.283582089552239,3,3,0.127272727272727,0.0746268656716418,10,86,3,7,0.092767390953946,-0.240596315810063,0.283582089552239,-0.0708631899857816,0.0606363322057982,0.309090909090909,3,3,0.0746268656716418,0.127272727272727,6,40,7,3,1,7
"194",0.00540467157910411,0.011864912075301,0.229166666666667,-0.268710475815169,-0.273431176702075,0.263157894736842,0,2,0.0833333333333333,0.087719298245614,6,47,0,5,-0.268710475815169,-0.273431176702075,0.263157894736842,0.00540467157910411,0.011864912075301,0.229166666666667,2,0,0.087719298245614,0.0833333333333333,3,20,5,0,1,-2
"195",-0.101003579853568,-0.164612442804228,0.285714285714286,0.273510667155885,-0.312176203734656,0.313432835820896,1,2,0.114285714285714,0.164179104477612,10,85,7,6,0.273510667155885,-0.312176203734656,0.313432835820896,-0.101003579853568,-0.164612442804228,0.285714285714286,2,1,0.164179104477612,0.114285714285714,11,102,6,7,0,10
"196",-0.0849371319311424,0.179353269623414,0.301587301587302,-0.243335326086918,-0.125858125492717,0.32258064516129,1,3,0.0476190476190476,0.129032258064516,6,60,7,4,-0.243335326086918,-0.125858125492717,0.32258064516129,-0.0849371319311424,0.179353269623414,0.301587301587302,3,1,0.129032258064516,0.0476190476190476,6,45,4,7,1,-2
"197",0.0578595015787236,0.114930076600066,0.304347826086957,-0.140461500536185,0.278254913092185,0.3125,2,0,0.130434782608696,0.171875,6,40,10,7,-0.140461500536185,0.278254913092185,0.3125,0.0578595015787236,0.114930076600066,0.304347826086957,0,2,0.171875,0.130434782608696,2,19,7,10,0,-3
"198",-0.194901339395705,0.0525827157482176,0.304347826086957,-0.0477171452568235,-0.0584191365682598,0.288135593220339,2,1,0.101449275362319,0.0677966101694915,10,129,7,1,-0.0477171452568235,-0.0584191365682598,0.288135593220339,-0.194901339395705,0.0525827157482176,0.304347826086957,1,2,0.0677966101694915,0.101449275362319,4,42,1,7,1,-4
"199",0.140685030450872,0.546769776937038,0.310344827586207,-0.341232779494021,-0.0400968005150947,0.293333333333333,0,0,0.155172413793103,0.0933333333333333,8,69,1,4,-0.341232779494021,-0.0400968005150947,0.293333333333333,0.140685030450872,0.546769776937038,0.310344827586207,0,0,0.0933333333333333,0.155172413793103,6,52,4,1,0,-18
"200",-0.560978111010627,-0.299731547661117,0.262295081967213,0.113814295329773,0.574033771598074,0.333333333333333,5,0,0.0655737704918033,0.166666666666667,9,85,8,4,0.113814295329773,0.574033771598074,0.333333333333333,-0.560978111010627,-0.299731547661117,0.262295081967213,0,5,0.166666666666667,0.0655737704918033,8,63,4,8,1,33
"201",0.143579648437894,0.158085148958409,0.294117647058824,-0.308320925478577,-0.320673359798767,0.17741935483871,0,0,0.117647058823529,0.0806451612903226,4,42,3,5,-0.308320925478577,-0.320673359798767,0.17741935483871,0.143579648437894,0.158085148958409,0.294117647058824,0,0,0.0806451612903226,0.117647058823529,5,45,5,3,0,-21
"202",-0.716258676911821,-0.378274098955106,0.176470588235294,-0.0935915364496898,-0.0693093895796212,0.287878787878788,4,0,0.0392156862745098,0.0303030303030303,9,79,6,10,-0.0935915364496898,-0.0693093895796212,0.287878787878788,-0.716258676911821,-0.378274098955106,0.176470588235294,0,4,0.0303030303030303,0.0392156862745098,2,15,10,6,1,20
"203",0.00942549545619862,-0.333073713552927,0.236842105263158,0.184682897157319,-0.826858384644217,0.206349206349206,2,4,0.0526315789473684,0.0634920634920635,7,60,6,9,0.184682897157319,-0.826858384644217,0.206349206349206,0.00942549545619862,-0.333073713552927,0.236842105263158,4,2,0.0634920634920635,0.0526315789473684,7,65,9,6,1,-7
"204",0.0187423922941976,-0.323622787606373,0.258064516129032,0.196292255178261,0.342369400367786,0.369230769230769,2,0,0.0483870967741935,0.0615384615384615,6,53,4,4,0.196292255178261,0.342369400367786,0.369230769230769,0.0187423922941976,-0.323622787606373,0.258064516129032,0,2,0.0615384615384615,0.0483870967741935,2,18,4,4,0,28
"205",0.340615723227668,-0.356791747524624,0.272727272727273,0.0212158523849212,0.434528208749759,0.367647058823529,2,0,0.0757575757575758,0.102941176470588,3,20,7,6,0.0212158523849212,0.434528208749759,0.367647058823529,0.340615723227668,-0.356791747524624,0.272727272727273,0,2,0.102941176470588,0.0757575757575758,6,39,6,7,0,18
"206",0.48147041496735,-0.0761101441086652,0.355263157894737,0.10223223915522,0.252777449548158,0.306666666666667,1,0,0.144736842105263,0.16,7,65,10,4,0.10223223915522,0.252777449548158,0.306666666666667,0.48147041496735,-0.0761101441086652,0.355263157894737,0,1,0.16,0.144736842105263,4,24,4,10,0,6
"207",0.166878631753523,-0.322520015971499,0.241379310344828,0.104128550307082,0.396130927951518,0.419354838709677,3,0,0.120689655172414,0.145161290322581,7,41,9,4,0.104128550307082,0.396130927951518,0.419354838709677,0.166878631753523,-0.322520015971499,0.241379310344828,0,3,0.145161290322581,0.120689655172414,3,30,4,9,1,21
"208",-0.131234888633203,0.388265392015123,0.314814814814815,-0.146648477544224,-0.0245704207846355,0.293333333333333,0,2,0.12962962962963,0.133333333333333,5,40,5,6,-0.146648477544224,-0.0245704207846355,0.293333333333333,-0.131234888633203,0.388265392015123,0.314814814814815,2,0,0.133333333333333,0.12962962962963,7,54,6,5,1,-7
"209",0.0411557804359796,0.194434584312404,0.373134328358209,0.0752377150325069,-0.108052794455151,0.346153846153846,2,2,0.134328358208955,0.128205128205128,4,36,5,3,0.0752377150325069,-0.108052794455151,0.346153846153846,0.0411557804359796,0.194434584312404,0.373134328358209,2,2,0.128205128205128,0.134328358208955,5,60,3,5,1,-4
"210",0.0528843086402681,0.563946535245199,0.421052631578947,0.353582161523567,0.116314641289805,0.343283582089552,0,0,0.12280701754386,0.0597014925373134,8,76,3,2,0.353582161523567,0.116314641289805,0.343283582089552,0.0528843086402681,0.563946535245199,0.421052631578947,0,0,0.0597014925373134,0.12280701754386,8,56,2,3,0,-1
"211",0.0331845508320878,-0.352660792130165,0.232876712328767,-0.0457046303199604,0.0831213357350002,0.333333333333333,1,1,0.0547945205479452,0.0793650793650794,5,55,6,6,-0.0457046303199604,0.0831213357350002,0.333333333333333,0.0331845508320878,-0.352660792130165,0.232876712328767,1,1,0.0793650793650794,0.0547945205479452,8,67,6,6,0,19
"212",0.0181001161332611,-0.0263368544809732,0.296875,-0.140181817943812,0.0794131398683085,0.226415094339623,2,0,0.078125,0.0377358490566038,7,64,2,4,-0.140181817943812,0.0794131398683085,0.226415094339623,0.0181001161332611,-0.0263368544809732,0.296875,0,2,0.0377358490566038,0.078125,3,61,4,2,0,-2
"213",-0.0727773919788888,-0.259204165893926,0.301369863013699,-0.307828131693523,0.371273930414138,0.290322580645161,1,1,0.123287671232877,0.0967741935483871,7,83,3,5,-0.307828131693523,0.371273930414138,0.290322580645161,-0.0727773919788888,-0.259204165893926,0.301369863013699,1,1,0.0967741935483871,0.123287671232877,6,49,5,3,0,18
"214",-0.189301337781621,-0.108405178275562,0.276923076923077,0.216379016239714,-0.605309143532821,0.3,2,1,0.0769230769230769,0.08,8,50,5,1,0.216379016239714,-0.605309143532821,0.3,-0.189301337781621,-0.108405178275562,0.276923076923077,1,2,0.08,0.0769230769230769,2,13,1,5,0,-2
"215",-0.174176246279295,0.113015175267623,0.210526315789474,-0.0812698236276046,-0.127093933205896,0.307692307692308,1,0,0.0701754385964912,0.0615384615384615,9,65,3,4,-0.0812698236276046,-0.127093933205896,0.307692307692308,-0.174176246279295,0.113015175267623,0.210526315789474,0,1,0.0615384615384615,0.0701754385964912,4,40,4,3,1,-14
"216",0.127510060692051,-0.412694899060195,0.259259259259259,0.0227182246698679,-0.0628261356112483,0.328358208955224,1,3,0.111111111111111,0.104477611940299,3,32,8,4,0.0227182246698679,-0.0628261356112483,0.328358208955224,0.127510060692051,-0.412694899060195,0.259259259259259,3,1,0.104477611940299,0.111111111111111,5,45,4,8,1,13
"217",0.0592020133096233,0.0088602181741361,0.338235294117647,-0.395012556631926,-0.406466015169927,0.213114754098361,1,4,0.0588235294117647,0.0819672131147541,6,45,6,4,-0.395012556631926,-0.406466015169927,0.213114754098361,0.0592020133096233,0.0088602181741361,0.338235294117647,4,1,0.0819672131147541,0.0588235294117647,6,34,4,6,1,-15
"218",-0.182335093243455,-0.0833452456515591,0.240740740740741,0.087622236408788,0.207340263196834,0.328571428571429,0,2,0.0555555555555556,0.185714285714286,2,25,7,3,0.087622236408788,0.207340263196834,0.328571428571429,-0.182335093243455,-0.0833452456515591,0.240740740740741,2,0,0.185714285714286,0.0555555555555556,4,48,3,7,1,10
"219",0.0050690019568373,-0.446883124687338,0.282051282051282,-0.18781590360777,-0.341457447229654,0.204545454545455,4,0,0.0384615384615385,0.0681818181818182,7,68,8,4,-0.18781590360777,-0.341457447229654,0.204545454545455,0.0050690019568373,-0.446883124687338,0.282051282051282,0,4,0.0681818181818182,0.0384615384615385,5,30,4,8,0,6
"220",0.0753427130934458,-0.22015409130969,0.235294117647059,-0.0936787224765045,-0.308683662552961,0.253521126760563,0,1,0.0980392156862745,0.0422535211267606,6,38,6,6,-0.0936787224765045,-0.308683662552961,0.253521126760563,0.0753427130934458,-0.22015409130969,0.235294117647059,1,0,0.0422535211267606,0.0980392156862745,6,60,6,6,0,-5
"221",-0.28569289283832,-0.197734067602257,0.189655172413793,0.141298300986819,0.483884373790563,0.392857142857143,1,1,0.0689655172413793,0.160714285714286,4,29,10,3,0.141298300986819,0.483884373790563,0.392857142857143,-0.28569289283832,-0.197734067602257,0.189655172413793,1,1,0.160714285714286,0.0689655172413793,5,35,3,10,0,18
"222",-0.0208816912429603,-0.259299450596533,0.226415094339623,-0.0943896153140314,-0.074038463609406,0.305084745762712,1,1,0.0377358490566038,0.11864406779661,8,65,6,6,-0.0943896153140314,-0.074038463609406,0.305084745762712,-0.0208816912429603,-0.259299450596533,0.226415094339623,1,1,0.11864406779661,0.0377358490566038,4,34,6,6,1,10
"223",-0.438006940845848,-0.127624556082032,0.166666666666667,-0.266930718487683,-0.315215760320681,0.219178082191781,0,2,0.05,0.0821917808219178,6,41,3,7,-0.266930718487683,-0.315215760320681,0.219178082191781,-0.438006940845848,-0.127624556082032,0.166666666666667,2,0,0.0821917808219178,0.05,3,30,7,3,1,-9
"224",-0.12131682927078,-0.2459414680605,0.183333333333333,-0.373674458779323,-0.0209882835110179,0.318840579710145,2,2,0.0333333333333333,0.101449275362319,7,54,7,7,-0.373674458779323,-0.0209882835110179,0.318840579710145,-0.12131682927078,-0.2459414680605,0.183333333333333,2,2,0.101449275362319,0.0333333333333333,9,91,7,7,1,-8
"225",0.0303036462733871,0.00248883694708635,0.362068965517241,-0.15367904848466,0.206326742105323,0.258620689655172,2,0,0.137931034482759,0.103448275862069,5,41,3,8,-0.15367904848466,0.206326742105323,0.258620689655172,0.0303036462733871,0.00248883694708635,0.362068965517241,0,2,0.103448275862069,0.137931034482759,6,57,8,3,0,3
"226",0.496434044147463,-0.135828655611512,0.409090909090909,0.154415221970893,0.168231621936367,0.315789473684211,4,0,0.0909090909090909,0.0701754385964912,6,38,6,4,0.154415221970893,0.168231621936367,0.315789473684211,0.496434044147463,-0.135828655611512,0.409090909090909,0,4,0.0701754385964912,0.0909090909090909,3,29,4,6,0,2
"227",-0.141177136625629,0.197251513828071,0.258064516129032,0.360345207534487,-0.0630209728947812,0.3125,0,0,0.0967741935483871,0.0625,5,40,7,0,0.360345207534487,-0.0630209728947812,0.3125,-0.141177136625629,0.197251513828071,0.258064516129032,0,0,0.0625,0.0967741935483871,11,85,0,7,0,-6
"228",0.0253857259575904,0.141713969710283,0.264705882352941,-0.116618207683239,0.209637119148942,0.318181818181818,1,1,0.0588235294117647,0.136363636363636,6,30,2,4,-0.116618207683239,0.209637119148942,0.318181818181818,0.0253857259575904,0.141713969710283,0.264705882352941,1,1,0.136363636363636,0.0588235294117647,2,15,4,2,0,4
"229",0.0836158665948577,0.27942964737146,0.317460317460317,-0.0684097505562628,-0.408062475320668,0.208955223880597,0,1,0.0952380952380952,0.0895522388059701,6,50,2,11,-0.0684097505562628,-0.408062475320668,0.208955223880597,0.0836158665948577,0.27942964737146,0.317460317460317,1,0,0.0895522388059701,0.0952380952380952,6,32,11,2,1,-26
"230",-0.542561114003547,0.348810312651927,0.368421052631579,0.0989008014425053,0.654112008720611,0.434782608695652,1,0,0.140350877192982,0.202898550724638,6,27,5,6,0.0989008014425053,0.654112008720611,0.434782608695652,-0.542561114003547,0.348810312651927,0.368421052631579,0,1,0.202898550724638,0.140350877192982,5,45,6,5,1,20
"231",-0.249152868225915,0.238670460510389,0.383333333333333,0.108597393892,0.637580793362129,0.380952380952381,3,0,0.166666666666667,0.126984126984127,5,49,1,2,0.108597393892,0.637580793362129,0.380952380952381,-0.249152868225915,0.238670460510389,0.383333333333333,0,3,0.126984126984127,0.166666666666667,10,70,2,1,0,8
"232",0.214416558047412,-0.264101116628946,0.318840579710145,-0.313992010101422,0.0778867387248158,0.306451612903226,3,1,0.072463768115942,0.161290322580645,1,5,5,5,-0.313992010101422,0.0778867387248158,0.306451612903226,0.214416558047412,-0.264101116628946,0.318840579710145,1,3,0.161290322580645,0.072463768115942,2,20,5,5,0,5
"233",0.0885686593414553,0.429708990385813,0.378378378378378,0.320647751990085,-0.0938473706976793,0.3,0,2,0.0945945945945946,0.0666666666666667,5,45,4,4,0.320647751990085,-0.0938473706976793,0.3,0.0885686593414553,0.429708990385813,0.378378378378378,2,0,0.0666666666666667,0.0945945945945946,3,30,4,4,1,-12
"234",0.076940048950332,0.0581632810149657,0.338028169014085,0.258889106566332,-0.0330831005614804,0.305084745762712,1,0,0.0985915492957746,0.101694915254237,2,10,4,2,0.258889106566332,-0.0330831005614804,0.305084745762712,0.076940048950332,0.0581632810149657,0.338028169014085,0,1,0.101694915254237,0.0985915492957746,7,81,2,4,0,5
"235",-0.296608034069993,-0.533997088643567,0.191780821917808,-0.0494613866731398,0.0403541841058001,0.266666666666667,2,0,0,0.0833333333333333,6,40,5,5,-0.0494613866731398,0.0403541841058001,0.266666666666667,-0.296608034069993,-0.533997088643567,0.191780821917808,0,2,0.0833333333333333,0,11,79,5,5,1,18
"236",-0.0156239186843119,0.0830295499960876,0.333333333333333,0.199960490977074,0.0419356440518826,0.320754716981132,0,0,0.115942028985507,0.132075471698113,8,73,9,6,0.199960490977074,0.0419356440518826,0.320754716981132,-0.0156239186843119,0.0830295499960876,0.333333333333333,0,0,0.132075471698113,0.115942028985507,7,88,6,9,0,1
"237",-0.0153108492134682,-0.424604364717098,0.27536231884058,-0.0208388087182685,0.496655859063886,0.373134328358209,3,0,0.0869565217391304,0.0746268656716418,5,40,3,3,-0.0208388087182685,0.496655859063886,0.373134328358209,-0.0153108492134682,-0.424604364717098,0.27536231884058,0,3,0.0746268656716418,0.0869565217391304,5,41,3,3,0,26
"238",-0.492573988416552,-0.185514054581259,0.175,-0.0165031144101199,-0.192887904472348,0.333333333333333,0,3,0.075,0.111111111111111,3,30,3,3,-0.0165031144101199,-0.192887904472348,0.333333333333333,-0.492573988416552,-0.185514054581259,0.175,3,0,0.111111111111111,0.075,3,37,3,3,1,4
"239",-0.0504947161871793,-0.486689396462139,0.232142857142857,-0.0093747982679849,0.511536694803164,0.375,2,0,0.125,0.0972222222222222,1,13,9,5,-0.0093747982679849,0.511536694803164,0.375,-0.0504947161871793,-0.486689396462139,0.232142857142857,0,2,0.0972222222222222,0.125,3,15,5,9,1,24
"240",-0.317200459431236,0.0414027039103076,0.203389830508475,-0.211233072944552,-1.0968775464683,0.156862745098039,1,2,0.0677966101694915,0.0588235294117647,7,65,5,12,-0.211233072944552,-1.0968775464683,0.156862745098039,-0.317200459431236,0.0414027039103076,0.203389830508475,2,1,0.0588235294117647,0.0677966101694915,7,62,12,5,0,-11
"241",0.107213118183427,-0.346855312733905,0.32,0.332469068849516,-0.272604143696554,0.391304347826087,1,3,0.12,0.0869565217391304,4,27,8,3,0.332469068849516,-0.272604143696554,0.391304347826087,0.107213118183427,-0.346855312733905,0.32,3,1,0.0869565217391304,0.12,7,47,3,8,0,16
"242",-0.0755626694414472,-2.37098797623767,0.2,-0.0633039970360607,-0.220438051088701,0.25,4,2,0,0.0625,3,26,6,5,-0.0633039970360607,-0.220438051088701,0.25,-0.0755626694414472,-2.37098797623767,0.2,2,4,0.0625,0,5,35,5,6,0,26
"243",0.428770194657694,0.324079570197446,0.379310344827586,-0.132144059892097,0.522027082326037,0.295081967213115,0,0,0.137931034482759,0.131147540983607,10,83,4,10,-0.132144059892097,0.522027082326037,0.295081967213115,0.428770194657694,0.324079570197446,0.379310344827586,0,0,0.131147540983607,0.137931034482759,5,62,10,4,0,3
"244",-0.101375740761536,0.320804704184025,0.314285714285714,-0.576156056376931,0.36346670820113,0.293103448275862,0,1,0.128571428571429,0.0689655172413793,7,45,4,6,-0.576156056376931,0.36346670820113,0.293103448275862,-0.101375740761536,0.320804704184025,0.314285714285714,1,0,0.0689655172413793,0.128571428571429,10,88,6,4,0,-5
"245",-0.0173882279687698,0.149887884736628,0.295081967213115,0.170519312792189,-0.192955000396114,0.277777777777778,2,0,0.0655737704918033,0.0740740740740741,6,41,6,7,0.170519312792189,-0.192955000396114,0.277777777777778,-0.0173882279687698,0.149887884736628,0.295081967213115,0,2,0.0740740740740741,0.0655737704918033,3,25,7,6,0,-3
"246",0.0342735617373632,-0.485379680077339,0.239130434782609,0.198545820749539,0.655505172041444,0.442857142857143,3,0,0.130434782608696,0.0857142857142857,3,25,3,0,0.198545820749539,0.655505172041444,0.442857142857143,0.0342735617373632,-0.485379680077339,0.239130434782609,0,3,0.0857142857142857,0.130434782608696,3,30,0,3,0,40
"247",-0.0636269930445661,-0.491505050805559,0.254237288135593,-0.318391908667623,0.15630928521464,0.259259259259259,2,0,0.101694915254237,0.111111111111111,1,5,9,6,-0.318391908667623,0.15630928521464,0.259259259259259,-0.0636269930445661,-0.491505050805559,0.254237288135593,0,2,0.111111111111111,0.101694915254237,5,33,6,9,1,8
"248",-0.106223196065542,0.502093293122013,0.347222222222222,-0.0114225714339857,0.243891973257729,0.366666666666667,1,1,0.138888888888889,0.116666666666667,4,39,4,4,-0.0114225714339857,0.243891973257729,0.366666666666667,-0.106223196065542,0.502093293122013,0.347222222222222,1,1,0.116666666666667,0.138888888888889,2,14,4,4,0,-2
"249",-0.338492527044726,-0.274023875206553,0.23728813559322,0.05432797563284,-0.0219322963707383,0.23728813559322,2,0,0.101694915254237,0.101694915254237,5,55,4,2,0.05432797563284,-0.0219322963707383,0.23728813559322,-0.338492527044726,-0.274023875206553,0.23728813559322,0,2,0.101694915254237,0.101694915254237,6,70,2,4,0,31
"250",0.0947809515764675,0.279608942111468,0.3,0.133990766583751,-0.117589351171284,0.366666666666667,0,1,0.1,0.0666666666666667,6,42,3,4,0.133990766583751,-0.117589351171284,0.366666666666667,0.0947809515764675,0.279608942111468,0.3,1,0,0.0666666666666667,0.1,1,4,4,3,1,-4
"251",-0.173313920254629,-0.101572378956171,0.285714285714286,-0.170229709687798,0.480050028951964,0.3125,0,1,0.125,0.046875,3,23,3,3,-0.170229709687798,0.480050028951964,0.3125,-0.173313920254629,-0.101572378956171,0.285714285714286,1,0,0.046875,0.125,3,22,3,3,1,21
"252",-0.105403693431678,-0.458190804208258,0.17741935483871,-0.183032138502151,0.49386463824383,0.278688524590164,1,1,0.0483870967741935,0.0819672131147541,5,67,7,2,-0.183032138502151,0.49386463824383,0.278688524590164,-0.105403693431678,-0.458190804208258,0.17741935483871,1,1,0.0819672131147541,0.0483870967741935,7,111,2,7,0,16
"253",-0.0500355705428918,0.183431657124511,0.357142857142857,0.0482370059598907,-0.11053086972191,0.283582089552239,3,2,0.178571428571429,0.119402985074627,4,35,4,6,0.0482370059598907,-0.11053086972191,0.283582089552239,-0.0500355705428918,0.183431657124511,0.357142857142857,2,3,0.119402985074627,0.178571428571429,4,24,6,4,0,-7
"254",-0.248154385594799,0.166052080267082,0.3,0.336139210687132,0.507884873379609,0.405797101449275,3,0,0.133333333333333,0.144927536231884,4,30,5,3,0.336139210687132,0.507884873379609,0.405797101449275,-0.248154385594799,0.166052080267082,0.3,0,3,0.144927536231884,0.133333333333333,5,31,3,5,0,24
"255",-0.172943307467821,-0.309003609770336,0.192307692307692,0.228276534734534,0.23480390667593,0.383561643835616,0,0,0.0769230769230769,0.123287671232877,3,23,5,3,0.228276534734534,0.23480390667593,0.383561643835616,-0.172943307467821,-0.309003609770336,0.192307692307692,0,0,0.123287671232877,0.0769230769230769,1,5,3,5,1,27
"256",-0.0286877954931697,-0.335016370884717,0.194029850746269,0.343713623801402,-0.451158005227821,0.243589743589744,2,1,0.0895522388059701,0.0256410256410256,10,77,11,5,0.343713623801402,-0.451158005227821,0.243589743589744,-0.0286877954931697,-0.335016370884717,0.194029850746269,1,2,0.0256410256410256,0.0895522388059701,5,51,5,11,1,12
